OrderDate,Region,Category,SubCategory,Sales,Profit,Quantity,Discount
2024-01-05,East,Office Supplies,Paper,289.50,45.20,5,0.10
2024-01-07,West,Technology,Phones,899.99,-120.50,2,0.15
2024-01-10,South,Furniture,Chairs,450.00,67.30,3,0.20
2024-01-12,Central,Office Supplies,Binders,125.00,22.10,8,0.05
2024-01-15,East,Technology,Laptops,1299.99,185.40,1,0.00
2024-01-18,West,Furniture,Tables,650.00,-85.20,2,0.25
2024-01-20,South,Office Supplies,Markers,45.50,12.30,12,0.10
2024-01-22,Central,Technology,Accessories,189.99,28.70,6,0.00
2024-01-25,East,Furniture,Sofas,1850.00,210.50,1,0.15
2024-01-27,West,Office Supplies,Labels,32.00,8.50,15,0.05
2024-01-30,South,Technology,Printers,449.99,52.30,1,0.10
2024-02-02,Central,Furniture,Cabinets,980.00,125.80,1,0.20
2024-02-05,East,Office Supplies,Envelopes,28.50,6.20,20,0.00
2024-02-07,West,Technology,Phones,750.00,95.40,3,0.15
2024-02-10,South,Furniture,Chairs,520.00,78.50,4,0.10
2024-02-12,Central,Office Supplies,Scissors,18.90,5.10,10,0.05
2024-02-15,East,Technology,Laptops,1450.00,198.20,1,0.00
2024-02-17,West,Furniture,Tables,780.00,-95.30,2,0.30
2024-02-20,South,Office Supplies,Paper,312.00,48.50,6,0.10
2024-02-22,Central,Technology,Accessories,156.00,24.80,8,0.05
2024-02-25,East,Furniture,Sofas,2100.00,245.60,1,0.20
2024-02-27,West,Office Supplies,Markers,52.00,14.20,15,0.00
2024-03-01,South,Technology,Phones,920.00,108.50,2,0.10
2024-03-03,Central,Furniture,Chairs,480.00,72.10,3,0.15
2024-03-06,East,Office Supplies,Labels,35.00,9.20,18,0.05
2024-03-08,West,Technology,Laptops,1380.00,192.40,1,0.00
2024-03-10,South,Furniture,Tables,720.00,-88.40,2,0.25
2024-03-13,Central,Office Supplies,Envelopes,30.00,7.10,22,0.10
2024-03-15,East,Technology,Printers,475.00,58.90,1,0.05
2024-03-17,West,Furniture,Cabinets,1100.00,142.50,1,0.15
2024-03-20,South,Office Supplies,Scissors,22.00,6.30,12,0.00
2024-03-22,Central,Technology,Phones,850.00,102.80,2,0.10
2024-03-25,East,Furniture,Chairs,510.00,76.40,4,0.20
2024-03-27,West,Office Supplies,Paper,298.00,44.80,7,0.05
2024-03-30,South,Technology,Accessories,175.00,26.90,5,0.15
2024-04-01,Central,Furniture,Tables,690.00,-82.60,2,0.20
2024-04-04,East,Office Supplies,Labels,38.00,10.10,16,0.00
2024-04-06,West,Technology,Laptops,1520.00,208.30,1,0.10
2024-04-08,South,Furniture,Sofas,1950.00,228.70,1,0.25
2024-04-11,Central,Office Supplies,Markers,48.00,13.10,14,0.05
2024-04-13,East,Technology,Phones,880.00,105.60,3,0.15
2024-04-16,West,Furniture,Chairs,495.00,74.20,3,0.10
2024-04-18,South,Office Supplies,Envelopes,26.50,5.80,19,0.00
2024-04-21,Central,Technology,Printers,460.00,55.70,1,0.05
2024-04-23,East,Furniture,Cabinets,1050.00,135.90,1,0.20
2024-04-26,West,Office Supplies,Scissors,20.50,5.70,11,0.10
2024-04-28,South,Technology,Phones,910.00,110.30,2,0.00
2024-05-01,Central,Furniture,Tables,760.00,-92.40,2,0.30
2024-05-03,East,Office Supplies,Paper,325.00,50.20,8,0.05
2024-05-06,West,Technology,Accessories,168.00,25.60,7,0.15
2024-05-08,South,Furniture,Chairs,470.00,70.80,4,0.10
2024-05-11,Central,Office Supplies,Labels,42.00,11.30,20,0.00
2024-05-13,East,Technology,Laptops,1350.00,188.50,1,0.20
2024-05-16,West,Furniture,Sofas,2200.00,258.40,1,0.15
2024-05-18,South,Office Supplies,Markers,55.00,15.20,16,0.10
2024-05-21,Central,Technology,Phones,870.00,104.80,2,0.05
2024-05-23,East,Furniture,Tables,710.00,-86.30,2,0.25
2024-05-26,West,Office Supplies,Envelopes,34.00,8.40,21,0.00
2024-05-28,South,Technology,Printers,490.00,62.10,1,0.15
2024-05-31,Central,Furniture,Cabinets,1150.00,148.60,1,0.10
2024-06-02,East,Office Supplies,Scissors,24.00,6.80,13,0.05
2024-06-05,West,Technology,Phones,940.00,112.50,3,0.20
2024-06-07,South,Furniture,Chairs,530.00,79.40,3,0.00
2024-06-10,Central,Office Supplies,Paper,340.00,52.30,9,0.10
2024-06-12,East,Technology,Accessories,182.00,27.90,6,0.05
2024-06-15,West,Furniture,Tables,820.00,-98.70,2,0.30
2024-06-17,South,Office Supplies,Labels,44.00,11.80,17,0.15
2024-06-20,Central,Technology,Laptops,1480.00,202.40,1,0.00
2024-06-22,East,Furniture,Sofas,2050.00,240.20,1,0.20
2024-06-25,West,Office Supplies,Markers,50.00,13.80,15,0.10
2024-06-27,South,Technology,Phones,890.00,107.20,2,0.05
2024-06-30,Central,Furniture,Chairs,500.00,75.10,4,0.15
2024-07-02,East,Office Supplies,Envelopes,32.00,7.80,23,0.00
2024-07-05,West,Technology,Printers,475.00,59.40,1,0.10
2024-07-07,South,Furniture,Cabinets,1080.00,139.50,1,0.20
2024-07-10,Central,Office Supplies,Scissors,21.00,5.90,14,0.05
2024-07-12,East,Technology,Phones,925.00,111.40,3,0.15
2024-07-15,West,Furniture,Tables,740.00,-89.80,2,0.25
2024-07-17,South,Office Supplies,Paper,305.00,46.70,7,0.10
2024-07-20,Central,Technology,Accessories,172.00,26.30,8,0.00
2024-07-22,East,Furniture,Chairs,490.00,73.50,3,0.20
2024-07-25,West,Office Supplies,Labels,40.00,10.70,19,0.05
2024-07-27,South,Technology,Laptops,1420.00,195.80,1,0.15
2024-07-30,Central,Furniture,Sofas,2150.00,252.30,1,0.10
2024-08-01,East,Office Supplies,Markers,53.00,14.60,13,0.00
2024-08-04,West,Technology,Phones,905.00,109.10,2,0.10
2024-08-06,South,Furniture,Tables,770.00,-93.50,2,0.30
2024-08-09,Central,Office Supplies,Envelopes,36.00,8.90,20,0.05
2024-08-11,East,Technology,Printers,485.00,61.20,1,0.15
2024-08-14,West,Furniture,Cabinets,1120.00,145.30,1,0.00
2024-08-16,South,Office Supplies,Scissors,23.00,6.50,12,0.10
2024-08-19,Central,Technology,Phones,865.00,104.20,3,0.20
2024-08-21,East,Furniture,Chairs,475.00,71.40,4,0.05
2024-08-24,West,Office Supplies,Paper,315.00,48.10,6,0.15
2024-08-26,South,Technology,Accessories,165.00,25.20,7,0.10
2024-08-29,Central,Furniture,Tables,800.00,-96.40,2,0.25
2024-08-31,East,Office Supplies,Labels,37.00,9.80,18,0.00
2024-09-03,West,Technology,Laptops,1550.00,212.60,1,0.10
2024-09-05,South,Furniture,Sofas,1980.00,232.40,1,0.15
2024-09-08,Central,Office Supplies,Markers,46.00,12.70,16,0.05
2024-09-10,East,Technology,Phones,885.00,106.50,2,0.20
2024-09-13,West,Furniture,Chairs,515.00,77.60,3,0.00
2024-09-15,South,Office Supplies,Envelopes,29.00,6.90,21,0.10
2024-09-18,Central,Technology,Printers,465.00,57.30,1,0.15
2024-09-20,East,Furniture,Cabinets,1020.00,132.70,1,0.05
2024-09-23,West,Office Supplies,Scissors,19.50,5.40,10,0.00
2024-09-25,South,Technology,Phones,930.00,111.90,3,0.10
2024-09-28,Central,Furniture,Tables,680.00,-82.10,2,0.20
2024-09-30,East,Office Supplies,Paper,330.00,50.80,8,0.05
2024-10-03,West,Technology,Accessories,178.00,27.20,6,0.15
2024-10-05,South,Furniture,Chairs,485.00,72.90,4,0.10
2024-10-08,Central,Office Supplies,Labels,41.00,11.00,17,0.00
2024-10-10,East,Technology,Laptops,1390.00,191.30,1,0.20
2024-10-13,West,Furniture,Sofas,2080.00,244.10,1,0.05
2024-10-15,South,Office Supplies,Markers,49.00,13.50,14,0.15
2024-10-18,Central,Technology,Phones,855.00,103.50,2,0.10
2024-10-20,East,Furniture,Tables,730.00,-88.20,2,0.25
2024-10-23,West,Office Supplies,Envelopes,33.00,8.10,22,0.00
2024-10-25,South,Technology,Printers,470.00,58.60,1,0.05
2024-10-28,Central,Furniture,Cabinets,1180.00,152.40,1,0.15
2024-10-30,East,Office Supplies,Scissors,25.00,7.00,11,0.10
2024-11-02,West,Technology,Phones,915.00,110.20,2,0.00
2024-11-04,South,Furniture,Chairs,525.00,79.10,3,0.20
2024-11-07,Central,Office Supplies,Paper,295.00,44.50,7,0.05
2024-11-09,East,Technology,Accessories,160.00,24.50,5,0.15
2024-11-12,West,Furniture,Tables,850.00,-102.30,2,0.30
2024-11-14,South,Office Supplies,Labels,45.00,12.10,19,0.10
2024-11-17,Central,Technology,Laptops,1460.00,199.70,1,0.00
2024-11-19,East,Furniture,Sofas,2250.00,264.20,1,0.15
2024-11-22,West,Office Supplies,Markers,51.00,14.00,15,0.05
2024-11-24,South,Technology,Phones,875.00,105.80,3,0.10
2024-11-27,Central,Furniture,Chairs,465.00,69.80,4,0.20
2024-11-29,East,Office Supplies,Envelopes,31.00,7.50,20,0.00
2024-12-02,West,Technology,Printers,480.00,60.30,1,0.10
2024-12-04,South,Furniture,Cabinets,1060.00,137.20,1,0.15
2024-12-07,Central,Office Supplies,Scissors,22.50,6.30,13,0.05
2024-12-09,East,Technology,Phones,935.00,112.80,2,0.20
2024-12-12,West,Furniture,Tables,790.00,-95.60,2,0.25
2024-12-14,South,Office Supplies,Paper,320.00,49.10,8,0.00
2024-12-17,Central,Technology,Accessories,185.00,28.30,7,0.10
2024-12-19,East,Furniture,Chairs,505.00,76.00,3,0.15
2024-12-22,West,Office Supplies,Labels,39.00,10.40,18,0.05
2024-12-24,South,Technology,Laptops,1510.00,206.90,1,0.10
2024-12-27,Central,Furniture,Sofas,2180.00,255.80,1,0.00
2024-12-29,East,Office Supplies,Markers,54.00,14.90,16,0.20
2025-01-03,West,Technology,Phones,860.00,103.90,3,0.05
2025-01-05,South,Furniture,Tables,750.00,-90.70,2,0.15
2025-01-08,Central,Office Supplies,Envelopes,35.50,8.70,21,0.10
2025-01-10,East,Technology,Printers,495.00,62.80,1,0.00
2025-01-13,West,Furniture,Cabinets,1130.00,146.50,1,0.20
2025-01-15,South,Office Supplies,Scissors,20.00,5.60,14,0.05
2025-01-18,Central,Technology,Phones,900.00,108.40,2,0.15
2025-01-20,East,Furniture,Chairs,480.00,72.30,4,0.10
2025-01-23,West,Office Supplies,Paper,308.00,47.10,9,0.00
2025-01-25,South,Technology,Accessories,170.00,26.00,6,0.25
2025-01-28,Central,Furniture,Tables,810.00,-98.10,2,0.30
2025-01-30,East,Office Supplies,Labels,43.00,11.50,17,0.10
2025-02-02,West,Technology,Laptops,1540.00,211.30,1,0.05
2025-02-04,South,Furniture,Sofas,2120.00,248.70,1,0.15
2025-02-07,Central,Office Supplies,Markers,47.00,12.90,15,0.00
2025-02-09,East,Technology,Phones,895.00,107.80,3,0.10
2025-02-12,West,Furniture,Chairs,510.00,77.00,3,0.20
2025-02-14,South,Office Supplies,Envelopes,27.50,6.60,19,0.05
2025-02-17,Central,Technology,Printers,455.00,56.80,1,0.15
2025-02-19,East,Furniture,Cabinets,1040.00,134.90,1,0.10
2025-02-22,West,Office Supplies,Scissors,21.50,6.00,12,0.00
2025-02-24,South,Technology,Phones,920.00,111.10,2,0.05
2025-02-27,Central,Furniture,Tables,700.00,-84.90,2,0.20
2025-03-01,East,Office Supplies,Paper,345.00,52.90,7,0.10
2025-03-04,West,Technology,Accessories,175.00,26.80,8,0.15
2025-03-06,South,Furniture,Chairs,475.00,71.60,3,0.00
2025-03-09,Central,Office Supplies,Labels,38.50,10.30,20,0.10
2025-03-11,East,Technology,Laptops,1410.00,194.10,1,0.05
2025-03-14,West,Furniture,Sofas,2060.00,241.50,1,0.20
2025-03-16,South,Office Supplies,Markers,52.50,14.40,14,0.15
2025-03-19,Central,Technology,Phones,880.00,106.10,3,0.00
2025-03-21,East,Furniture,Tables,740.00,-89.50,2,0.25
2025-03-24,West,Office Supplies,Envelopes,31.50,7.70,22,0.10
2025-03-26,South,Technology,Printers,488.00,61.50,1,0.05
2025-03-29,Central,Furniture,Cabinets,1170.00,151.10,1,0.15
2025-03-31,East,Office Supplies,Scissors,23.50,6.60,11,0.00
2025-04-03,West,Technology,Phones,910.00,109.80,2,0.10
2025-04-05,South,Furniture,Chairs,520.00,78.70,4,0.20
2025-04-08,Central,Office Supplies,Paper,302.00,46.10,8,0.05
2025-04-10,East,Technology,Accessories,163.00,25.00,6,0.15
2025-04-13,West,Furniture,Tables,830.00,-100.40,2,0.30
2025-04-15,South,Office Supplies,Labels,44.50,11.90,18,0.00
2025-04-18,Central,Technology,Laptops,1490.00,204.80,1,0.10
2025-04-20,East,Furniture,Sofas,2220.00,260.70,1,0.05
2025-04-23,West,Office Supplies,Markers,48.50,13.30,16,0.15
2025-04-25,South,Technology,Phones,868.00,104.70,3,0.10
2025-04-28,Central,Furniture,Chairs,488.00,73.80,3,0.00
2025-04-30,East,Office Supplies,Envelopes,29.50,7.10,20,0.20
2025-05-03,West,Technology,Printers,472.00,58.90,1,0.05
2025-05-05,South,Furniture,Cabinets,1090.00,141.80,1,0.15
2025-05-08,Central,Office Supplies,Scissors,19.00,5.30,13,0.10
2025-05-10,East,Technology,Phones,928.00,112.30,2,0.00
2025-05-13,West,Furniture,Tables,760.00,-92.00,2,0.25
2025-05-15,South,Office Supplies,Paper,335.00,51.40,9,0.10
2025-05-18,Central,Technology,Accessories,180.00,27.60,7,0.05
2025-05-20,East,Furniture,Chairs,498.00,75.20,4,0.15
2025-05-23,West,Office Supplies,Labels,41.50,11.10,19,0.00
2025-05-25,South,Technology,Laptops,1475.00,202.60,1,0.20
2025-05-28,Central,Furniture,Sofas,2160.00,253.40,1,0.10
2025-05-30,East,Office Supplies,Markers,50.50,13.90,15,0.05
2025-06-02,West,Technology,Phones,872.00,105.40,3,0.15
2025-06-04,South,Furniture,Tables,785.00,-95.10,2,0.00
2025-06-07,Central,Office Supplies,Envelopes,34.50,8.50,21,0.10
2025-06-09,East,Technology,Printers,492.00,62.10,1,0.20
2025-06-12,West,Furniture,Cabinets,1145.00,148.20,1,0.05
2025-06-14,South,Office Supplies,Scissors,24.50,6.90,12,0.15
2025-06-17,Central,Technology,Phones,898.00,108.20,2,0.10
2025-06-19,East,Furniture,Chairs,512.00,77.40,3,0.00
2025-06-22,West,Office Supplies,Paper,328.00,50.30,7,0.20
2025-06-24,South,Technology,Accessories,176.00,27.00,8,0.05
2025-06-27,Central,Furniture,Tables,805.00,-97.80,2,0.30
2025-06-29,East,Office Supplies,Labels,39.50,10.60,18,0.10
2025-07-02,West,Technology,Laptops,1530.00,209.90,1,0.00
2025-07-04,South,Furniture,Sofas,2100.00,246.30,1,0.15
2025-07-07,Central,Office Supplies,Markers,51.50,14.20,16,0.05
2025-07-09,East,Technology,Phones,878.00,106.30,3,0.10
2025-07-12,West,Furniture,Chairs,502.00,75.70,4,0.20
2025-07-14,South,Office Supplies,Envelopes,32.50,7.90,20,0.00
2025-07-17,Central,Technology,Printers,468.00,58.20,1,0.10
2025-07-19,East,Furniture,Cabinets,1070.00,138.60,1,0.15
2025-07-22,West,Office Supplies,Scissors,20.50,5.70,14,0.05
2025-07-24,South,Technology,Phones,918.00,110.90,2,0.00
2025-07-27,Central,Furniture,Tables,725.00,-87.60,2,0.25
2025-07-29,East,Office Supplies,Paper,318.00,48.70,8,0.10
2025-08-01,West,Technology,Accessories,169.00,25.80,7,0.15
2025-08-03,South,Furniture,Chairs,482.00,72.70,3,0.00
2025-08-06,Central,Office Supplies,Labels,42.50,11.40,19,0.05
2025-08-08,East,Technology,Laptops,1440.00,198.20,1,0.20
2025-08-11,West,Furniture,Sofas,2190.00,257.10,1,0.10
2025-08-13,South,Office Supplies,Markers,53.50,14.80,15,0.00
2025-08-16,Central,Technology,Phones,862.00,104.10,3,0.15
2025-08-18,East,Furniture,Tables,775.00,-94.20,2,0.25
2025-08-21,West,Office Supplies,Envelopes,36.50,8.90,22,0.10
2025-08-23,South,Technology,Printers,482.00,60.80,1,0.05
2025-08-26,Central,Furniture,Cabinets,1155.00,149.30,1,0.00
2025-08-28,East,Office Supplies,Scissors,22.00,6.20,13,0.20
2025-08-31,West,Technology,Phones,908.00,109.50,2,0.10
2025-09-02,South,Furniture,Chairs,518.00,78.30,3,0.05
2025-09-05,Central,Office Supplies,Paper,310.00,47.40,9,0.15
2025-09-07,East,Technology,Accessories,182.00,27.90,6,0.00
2025-09-10,West,Furniture,Tables,840.00,-101.80,2,0.30
2025-09-12,South,Office Supplies,Labels,46.00,12.30,17,0.10
2025-09-15,Central,Technology,Laptops,1505.00,207.10,1,0.05
2025-09-17,East,Furniture,Sofas,2280.00,266.80,1,0.15
2025-09-20,West,Office Supplies,Markers,49.50,13.60,14,0.00
2025-09-22,South,Technology,Phones,888.00,107.10,3,0.10
2025-09-25,Central,Furniture,Chairs,492.00,74.20,4,0.20
2025-09-27,East,Office Supplies,Envelopes,30.50,7.40,21,0.05
2025-09-30,West,Technology,Printers,478.00,59.80,1,0.15
2025-10-02,South,Furniture,Cabinets,1105.00,143.40,1,0.10
2025-10-05,Central,Office Supplies,Scissors,21.00,5.90,12,0.00
2025-10-07,East,Technology,Phones,922.00,111.60,2,0.05
2025-10-10,West,Furniture,Tables,770.00,-93.30,2,0.25
2025-10-12,South,Office Supplies,Paper,342.00,52.50,7,0.10
2025-10-15,Central,Technology,Accessories,174.00,26.60,8,0.15
2025-10-17,East,Furniture,Chairs,508.00,76.80,3,0.00
2025-10-20,West,Office Supplies,Labels,40.50,10.80,18,0.20
2025-10-22,South,Technology,Laptops,1465.00,201.30,1,0.05
2025-10-25,Central,Furniture,Sofas,2140.00,250.60,1,0.15
2025-10-27,East,Office Supplies,Markers,52.00,14.30,16,0.10
2025-10-30,West,Technology,Phones,876.00,106.00,3,0.00
2025-11-01,South,Furniture,Tables,795.00,-96.40,2,0.30
2025-11-04,Central,Office Supplies,Envelopes,33.50,8.20,20,0.05
2025-11-06,East,Technology,Printers,486.00,61.20,1,0.10
2025-11-09,West,Furniture,Cabinets,1165.00,150.70,1,0.15
2025-11-11,South,Office Supplies,Scissors,23.00,6.40,14,0.00
2025-11-14,Central,Technology,Phones,912.00,110.10,2,0.20
2025-11-16,East,Furniture,Chairs,478.00,72.00,4,0.05
2025-11-19,West,Office Supplies,Paper,322.00,49.30,8,0.10
2025-11-21,South,Technology,Accessories,168.00,25.60,6,0.15
2025-11-24,Central,Furniture,Tables,820.00,-99.20,2,0.25
2025-11-26,East,Office Supplies,Labels,38.00,10.20,19,0.00
2025-11-29,West,Technology,Laptops,1525.00,210.60,1,0.10
2025-12-01,South,Furniture,Sofas,2210.00,258.90,1,0.05
2025-12-04,Central,Office Supplies,Markers,50.00,13.70,15,0.15
2025-12-06,East,Technology,Phones,882.00,106.60,3,0.10
2025-12-09,West,Furniture,Chairs,498.00,75.10,3,0.00
2025-12-11,South,Office Supplies,Envelopes,28.00,6.70,22,0.20
2025-12-14,Central,Technology,Printers,474.00,59.10,1,0.05
2025-12-16,East,Furniture,Cabinets,1085.00,140.50,1,0.15
2025-12-19,West,Office Supplies,Scissors,22.50,6.30,11,0.10
2025-12-21,South,Technology,Phones,932.00,112.50,2,0.00
2025-12-24,Central,Furniture,Tables,735.00,-89.00,2,0.25
2025-12-26,East,Office Supplies,Paper,338.00,51.80,9,0.10
2025-12-29,West,Technology,Accessories,181.00,27.70,7,0.05
2025-10-16,East,Office Supplies,Scissors,120.89,23.85,8,0.05
2025-11-23,East,Furniture,Cabinets,466.74,45.06,1,0.05
2025-09-08,East,Furniture,Tables,1903.64,254.9,3,0.2
2025-04-04,South,Office Supplies,Binders,283.78,23.01,11,0.1
2024-12-10,East,Office Supplies,Labels,52.24,5.38,12,0.2
2024-02-14,Central,Furniture,Chairs,2443.54,391.96,2,0
2025-10-05,South,Furniture,Tables,1879.6,-153.43,1,0.25
2024-10-23,East,Office Supplies,Paper,161.35,16.17,15,0.25
2024-06-15,South,Technology,Laptops,1054.74,186.68,1,0.2
2025-06-30,West,Office Supplies,Labels,161.09,30.11,18,0.05
2024-02-27,West,Office Supplies,Markers,169.45,39.42,3,0.05
2025-08-03,South,Office Supplies,Scissors,207.2,21.34,15,0.05
2024-09-09,South,Furniture,Cabinets,2285.43,214.52,2,0.1
2024-05-21,Central,Office Supplies,Paper,346.52,-35.35,5,0.25
2025-11-27,Central,Furniture,Chairs,1208.01,188.24,3,0.15
2025-07-20,East,Furniture,Chairs,1831.59,-128.12,3,0.3
2025-10-18,South,Office Supplies,Markers,182.38,43.91,15,0
2024-09-26,West,Furniture,Chairs,2228.09,92.88,2,0.3
2025-09-15,West,Office Supplies,Markers,308.57,39.11,18,0.3
2024-01-01,South,Technology,Phones,301.02,27.7,3,0.3
2024-09-02,East,Office Supplies,Envelopes,379.58,-1.6,3,0.25
2024-03-11,West,Office Supplies,Scissors,197.98,20.39,18,0.05
2025-09-13,Central,Office Supplies,Envelopes,305.78,-17.27,7,0.25
2025-11-18,South,Technology,Printers,313.36,36.86,2,0
2025-08-25,West,Furniture,Tables,415.1,-54.93,3,0.25
2024-03-10,East,Technology,Phones,844.11,-3.69,3,0.25
2025-07-06,West,Furniture,Cabinets,910.29,-25.38,2,0.3
2024-04-06,East,Furniture,Cabinets,1144.02,254.85,2,0.15
2024-02-25,East,Office Supplies,Labels,295.36,26.09,4,0.05
2025-07-03,Central,Office Supplies,Labels,85.64,19.26,15,0.05
2024-03-18,Central,Furniture,Chairs,506.24,-73.69,3,0.3
2024-04-05,West,Office Supplies,Labels,201.97,-6.0,7,0.3
2024-03-01,West,Technology,Phones,1480.17,126.61,3,0.3
2024-10-19,Central,Furniture,Cabinets,725.07,176.73,2,0.05
2025-08-16,East,Furniture,Sofas,520.05,78.3,3,0.15
2025-06-27,West,Office Supplies,Envelopes,45.84,7.75,6,0
2025-11-22,West,Technology,Phones,1421.15,240.04,2,0.2
2025-09-26,East,Technology,Accessories,1411.85,91.57,2,0.25
2024-09-01,South,Technology,Laptops,1056.78,119.66,3,0.15
2024-03-15,East,Technology,Phones,248.9,25.65,2,0.2
2024-12-23,East,Office Supplies,Markers,124.72,1.62,15,0.3
2024-11-05,East,Furniture,Sofas,2356.69,242.49,1,0.05
2024-04-19,West,Technology,Accessories,966.52,181.22,3,0.05
2024-09-27,Central,Technology,Phones,274.6,-18.4,4,0.3
2024-01-04,South,Office Supplies,Scissors,392.22,-6.84,6,0.25
2025-12-23,Central,Furniture,Chairs,634.94,101.03,3,0.05
2025-01-13,West,Technology,Laptops,206.47,29.25,3,0.3
2024-02-10,South,Office Supplies,Scissors,111.07,22.88,4,0.1
2025-02-20,West,Office Supplies,Binders,390.84,21.48,6,0.15
2024-12-06,Central,Furniture,Tables,960.29,121.48,3,0
2024-02-09,Central,Office Supplies,Binders,329.39,36.57,15,0.1
2024-08-21,West,Office Supplies,Scissors,89.35,19.91,11,0.1
2024-10-12,South,Furniture,Cabinets,1826.99,434.54,3,0.1
2024-04-28,South,Office Supplies,Envelopes,385.58,27.64,9,0
2025-03-20,South,Furniture,Sofas,1316.43,167.24,3,0
2025-08-13,West,Technology,Phones,1106.86,260.24,1,0.2
2025-07-05,West,Technology,Printers,244.46,27.57,3,0.2
2024-05-07,South,Furniture,Sofas,1800.48,341.09,2,0.15
2025-07-21,West,Office Supplies,Labels,271.0,20.17,13,0.25
2024-06-27,South,Technology,Phones,560.23,116.05,2,0.15
2025-09-13,South,Technology,Printers,746.92,108.03,2,0.2
2024-06-22,East,Technology,Accessories,276.07,-15.7,2,0.25
2024-07-22,West,Office Supplies,Paper,109.26,24.03,16,0.2
2024-03-15,Central,Technology,Laptops,1119.77,145.49,4,0.15
2024-05-31,East,Office Supplies,Labels,99.25,5.96,17,0.15
2024-09-12,East,Technology,Laptops,1231.91,144.66,3,0.3
2025-09-19,Central,Furniture,Cabinets,2284.14,-17.35,3,0.3
2024-09-22,West,Furniture,Sofas,2008.21,352.14,3,0.15
2024-10-08,Central,Office Supplies,Scissors,125.01,14.24,9,0.1
2025-07-07,East,Office Supplies,Binders,104.04,-8.93,5,0.25
2025-02-28,Central,Technology,Printers,711.3,-17.04,2,0.3
2025-08-21,East,Furniture,Cabinets,1401.66,281.31,2,0.1
2025-03-05,West,Technology,Laptops,518.46,66.24,4,0
2025-11-15,Central,Furniture,Tables,2165.06,339.53,1,0.2
2025-02-07,East,Office Supplies,Scissors,180.02,10.81,15,0.05
2025-01-23,South,Office Supplies,Labels,140.84,28.22,13,0.1
2025-03-07,South,Office Supplies,Labels,22.46,5.61,18,0
2024-12-24,West,Furniture,Chairs,2040.59,409.85,3,0
2024-09-10,West,Office Supplies,Envelopes,73.67,13.55,5,0.15
2025-07-31,West,Technology,Accessories,1185.31,203.22,2,0.2
2024-04-27,West,Technology,Phones,931.22,172.71,3,0.2
2025-01-19,Central,Furniture,Tables,559.59,21.36,3,0.3
2024-04-14,South,Furniture,Chairs,2072.08,-285.28,3,0.3
2025-06-29,Central,Furniture,Sofas,544.81,28.62,3,0.1
2025-03-06,Central,Office Supplies,Labels,384.9,-40.07,15,0.25
2024-06-29,South,Furniture,Cabinets,1376.23,142.69,3,0.2
2024-09-08,East,Technology,Printers,479.22,82.46,4,0.2
2025-01-23,South,Office Supplies,Labels,342.62,31.67,6,0.15
2024-09-21,South,Technology,Accessories,900.32,88.48,2,0
2025-02-20,Central,Furniture,Tables,1850.28,-5.09,3,0.25
2024-01-18,East,Technology,Laptops,695.94,127.21,2,0.1
2025-01-12,Central,Furniture,Sofas,1293.56,150.26,3,0.2
2025-12-20,Central,Technology,Accessories,489.39,-45.13,1,0.25
2024-05-02,West,Office Supplies,Binders,299.36,8.05,9,0.25
2025-06-21,South,Office Supplies,Binders,129.05,14.25,12,0.05
2025-12-26,West,Technology,Phones,1465.3,195.22,3,0.25
2025-10-15,Central,Office Supplies,Paper,236.01,32.59,16,0.15
2024-07-07,East,Technology,Printers,304.02,45.1,1,0.15
2025-08-13,East,Office Supplies,Binders,327.29,81.42,10,0
2024-05-01,Central,Furniture,Tables,2028.96,470.11,2,0.15
2024-10-31,Central,Technology,Phones,973.0,-85.3,1,0.3
2024-08-04,South,Furniture,Chairs,729.82,47.45,1,0.2
2024-01-03,Central,Technology,Printers,543.2,103.96,2,0.1
2025-12-20,Central,Office Supplies,Scissors,104.87,9.16,9,0.3
2025-08-26,West,Technology,Phones,885.16,190.6,2,0.1
2024-03-14,East,Office Supplies,Markers,244.09,33.64,19,0.1
2025-04-24,South,Furniture,Cabinets,2379.62,353.99,3,0.2
2024-03-23,East,Technology,Accessories,965.01,92.43,1,0
2025-11-21,East,Furniture,Sofas,1610.12,247.62,1,0.15
2025-03-28,South,Office Supplies,Envelopes,182.82,26.33,16,0
2025-02-22,South,Technology,Phones,1307.94,246.85,3,0.15
2024-10-22,Central,Furniture,Chairs,1355.13,155.37,2,0.1
2025-02-17,East,Furniture,Cabinets,1267.82,155.13,1,0.2
2025-05-25,Central,Office Supplies,Binders,117.82,16.21,5,0.1
2025-12-16,Central,Office Supplies,Paper,389.66,-30.48,20,0.3
2024-06-11,South,Furniture,Chairs,1559.73,387.52,1,0.05
2024-04-26,Central,Office Supplies,Scissors,335.38,-20.94,16,0.25
2025-12-23,South,Technology,Printers,1473.33,236.11,2,0.15
2025-01-27,West,Furniture,Tables,2214.46,192.66,2,0.3
2025-02-28,South,Furniture,Sofas,2123.15,-128.31,2,0.25
2025-08-24,Central,Office Supplies,Labels,222.35,35.66,12,0.1
2025-07-10,Central,Technology,Accessories,1323.96,167.61,2,0.2
2025-02-24,East,Technology,Printers,1102.06,272.96,4,0.15
2025-10-29,West,Technology,Phones,320.43,-38.42,3,0.3
2025-03-26,East,Furniture,Cabinets,432.23,96.9,1,0.15
2024-06-07,East,Technology,Accessories,607.06,-76.43,4,0.25
2024-12-02,Central,Technology,Printers,1327.72,84.55,1,0.2
2025-10-08,South,Office Supplies,Scissors,49.8,2.0,4,0.3
2024-04-12,Central,Office Supplies,Scissors,130.29,14.97,1,0
2024-02-27,South,Technology,Accessories,731.43,96.85,2,0.2
2025-11-29,West,Office Supplies,Binders,45.4,8.47,13,0.2
2025-05-24,West,Office Supplies,Labels,260.59,47.78,15,0.1
2025-04-21,South,Furniture,Tables,555.11,60.97,2,0.2
2025-03-10,South,Technology,Accessories,418.94,-2.11,4,0.3
2024-08-30,Central,Furniture,Sofas,1607.11,87.41,3,0.1
2025-11-05,Central,Technology,Phones,914.0,181.92,1,0.2
2024-10-20,West,Furniture,Sofas,859.91,86.1,1,0.2
2025-11-06,West,Furniture,Chairs,2297.15,256.79,3,0
2025-03-27,East,Furniture,Sofas,1937.96,223.53,1,0.1
2025-03-01,West,Office Supplies,Binders,317.81,47.79,12,0.2
2024-10-06,West,Technology,Printers,1455.97,161.79,3,0.25
2024-04-27,Central,Office Supplies,Binders,305.35,16.15,8,0.3
2025-11-21,Central,Furniture,Sofas,589.64,60.67,2,0
2024-05-06,Central,Technology,Accessories,939.16,173.71,3,0
2025-04-27,East,Furniture,Sofas,2322.04,-304.27,1,0.25
2025-04-20,South,Furniture,Cabinets,645.02,71.52,1,0
2025-05-19,East,Office Supplies,Binders,356.59,50.18,5,0.15
2025-11-17,Central,Furniture,Tables,2259.37,489.69,3,0
2025-09-22,Central,Technology,Phones,1081.88,150.32,2,0.15
2024-08-29,South,Office Supplies,Scissors,156.42,20.28,12,0
2024-07-13,East,Technology,Phones,1044.74,216.64,1,0
2024-09-06,West,Furniture,Tables,544.08,91.01,3,0.05
2024-08-26,South,Office Supplies,Envelopes,16.09,2.54,5,0.05
2024-06-27,East,Furniture,Chairs,676.79,58.56,2,0.3
2025-08-25,South,Office Supplies,Binders,117.17,-2.78,5,0.25
2024-04-26,East,Technology,Printers,1200.32,180.97,1,0.15
2025-09-21,East,Furniture,Sofas,1361.89,340.09,1,0
2025-02-15,Central,Furniture,Chairs,1429.56,328.59,2,0
2024-11-25,West,Office Supplies,Binders,120.88,23.26,19,0.2
2025-01-25,South,Technology,Printers,283.89,13.18,1,0.3
2025-07-18,West,Technology,Printers,1348.92,290.67,4,0.1
2025-02-12,Central,Furniture,Chairs,1056.35,-77.68,2,0.25
2024-06-05,Central,Office Supplies,Paper,335.23,23.24,3,0.15
2025-01-16,West,Furniture,Chairs,1631.58,189.15,3,0.2
2024-05-05,Central,Technology,Printers,1321.92,224.83,1,0.1
2024-12-26,East,Furniture,Tables,724.93,159.09,2,0.05
2024-12-24,South,Office Supplies,Markers,236.03,4.32,14,0.3
2025-09-28,East,Furniture,Sofas,460.8,36.28,2,0.25
2024-12-13,South,Office Supplies,Binders,349.9,-10.41,19,0.25
2024-05-25,East,Office Supplies,Scissors,219.24,30.85,13,0.15
2024-06-10,South,Technology,Accessories,1198.73,97.24,1,0
2025-09-24,East,Furniture,Chairs,971.42,142.93,3,0.15
2025-03-28,Central,Technology,Laptops,1169.17,158.99,1,0.1
2024-10-17,Central,Furniture,Sofas,495.38,30.2,2,0.2
2024-07-28,South,Office Supplies,Binders,309.2,22.88,10,0.1
2025-05-24,Central,Office Supplies,Binders,161.38,26.1,8,0.2
2025-11-15,South,Office Supplies,Labels,346.78,18.64,2,0.15
2024-03-20,South,Furniture,Cabinets,1604.14,-39.61,3,0.25
2024-04-27,Central,Office Supplies,Markers,81.17,17.57,20,0.15
2025-01-05,East,Technology,Phones,478.48,31.45,4,0.2
2024-11-13,South,Office Supplies,Markers,314.96,55.64,3,0.2
2025-06-27,West,Technology,Accessories,1131.96,79.87,2,0.05
2024-09-19,West,Office Supplies,Envelopes,73.85,17.74,3,0.05
2025-10-05,Central,Technology,Printers,1069.53,151.12,3,0.3
2024-11-19,West,Technology,Phones,783.04,-52.93,3,0.3
2024-02-27,South,Furniture,Chairs,1051.86,64.56,2,0
2024-10-20,East,Furniture,Chairs,1691.52,241.11,3,0.15
2025-07-21,East,Technology,Laptops,584.06,46.83,4,0.2
2024-03-04,Central,Office Supplies,Markers,393.22,70.48,3,0.2
2024-02-10,West,Furniture,Cabinets,2481.07,426.65,3,0.2
2025-01-07,South,Technology,Printers,701.84,20.61,3,0.25
2025-10-08,South,Office Supplies,Markers,51.38,5.16,13,0.1
2025-11-03,West,Technology,Phones,936.7,104.95,2,0.1
2025-11-02,Central,Office Supplies,Envelopes,287.9,46.58,3,0.1
2025-10-20,South,Office Supplies,Scissors,285.59,51.18,17,0
2025-03-09,South,Office Supplies,Markers,133.91,32.08,7,0.1
2025-05-12,West,Office Supplies,Binders,74.65,6.45,10,0.3
2025-06-03,East,Furniture,Sofas,2240.42,379.64,3,0.05
2024-06-06,West,Office Supplies,Scissors,311.87,-5.83,6,0.25
2025-02-24,South,Furniture,Tables,2436.14,488.39,3,0.1
2025-04-04,West,Furniture,Tables,1049.88,-96.37,2,0.3
2025-11-25,Central,Technology,Accessories,1200.47,256.15,4,0.05
2025-09-11,West,Technology,Phones,1015.59,240.55,3,0.2
2025-12-29,East,Technology,Phones,1180.21,272.7,3,0.15
2024-05-30,Central,Office Supplies,Binders,329.43,43.81,12,0
2025-02-09,South,Office Supplies,Labels,397.89,22.14,12,0.05
2024-04-11,South,Office Supplies,Binders,29.75,2.96,16,0.25
2025-12-23,Central,Technology,Phones,1372.91,127.86,1,0.1
2024-06-02,Central,Office Supplies,Markers,106.49,10.4,4,0
2025-10-16,Central,Office Supplies,Paper,337.12,53.0,16,0.2
2025-10-09,West,Furniture,Tables,1011.67,121.97,1,0.2
2025-08-07,Central,Office Supplies,Scissors,272.26,17.3,17,0.1
2025-06-22,East,Technology,Printers,208.77,21.03,4,0.1
2024-01-17,South,Office Supplies,Markers,107.83,2.65,4,0.3
2024-12-06,West,Office Supplies,Markers,225.22,18.86,6,0.3
2025-04-20,Central,Furniture,Tables,2104.15,174.34,1,0.25
2025-04-13,East,Technology,Laptops,209.14,23.66,2,0
2024-11-13,Central,Furniture,Cabinets,931.96,99.93,3,0.05
2024-02-18,South,Technology,Phones,1229.11,244.18,4,0.15
2025-01-30,South,Office Supplies,Labels,281.45,1.63,12,0.3
2024-03-25,Central,Office Supplies,Labels,246.94,26.86,6,0.2
2024-04-15,East,Technology,Accessories,563.77,105.96,4,0.05
2024-12-25,Central,Office Supplies,Scissors,349.96,87.36,12,0.2
2024-10-08,East,Office Supplies,Scissors,260.44,54.75,12,0.2
2025-11-26,West,Office Supplies,Binders,341.74,25.71,15,0
2024-08-29,South,Technology,Printers,1431.78,115.53,1,0.2
2025-04-05,South,Technology,Printers,1180.16,145.62,2,0.2
2024-11-17,South,Office Supplies,Paper,24.98,3.84,6,0.15
2025-07-29,East,Technology,Accessories,1100.45,117.88,2,0.2
2025-05-17,West,Office Supplies,Binders,343.34,78.88,15,0.05
2025-03-31,East,Furniture,Sofas,1802.46,288.39,3,0
2024-10-24,South,Office Supplies,Scissors,288.18,-11.97,6,0.3
2024-08-17,East,Office Supplies,Binders,106.14,12.97,16,0
2025-08-09,South,Technology,Laptops,976.13,109.19,1,0
2025-05-05,Central,Technology,Phones,319.19,-40.78,3,0.25
2025-04-22,South,Office Supplies,Envelopes,261.32,36.55,6,0.3
2025-03-19,East,Office Supplies,Envelopes,73.91,8.47,6,0.05
2025-12-27,West,Technology,Accessories,1292.01,228.7,3,0.05
2025-07-18,South,Office Supplies,Scissors,131.59,19.81,18,0
2024-06-21,West,Office Supplies,Scissors,255.42,55.81,20,0.1
2025-07-31,East,Office Supplies,Paper,32.5,5.86,19,0.1
2025-08-08,Central,Furniture,Chairs,1445.88,156.06,3,0.2
2024-11-05,Central,Office Supplies,Scissors,171.35,32.17,15,0
2024-06-10,Central,Technology,Printers,777.0,61.18,3,0.2
2024-11-22,South,Technology,Laptops,1176.9,115.75,1,0.1
2024-05-05,South,Technology,Laptops,340.18,81.33,1,0.1
2025-09-22,Central,Office Supplies,Binders,328.19,-18.44,19,0.25
2024-06-12,Central,Furniture,Cabinets,1447.4,79.08,2,0.15
2025-02-06,Central,Office Supplies,Binders,239.59,25.46,2,0
2025-09-03,Central,Technology,Phones,1293.68,293.01,4,0.05
2025-01-09,Central,Technology,Phones,690.79,110.97,2,0.1
2024-03-16,Central,Furniture,Cabinets,2005.25,294.22,2,0.3
2025-11-27,East,Office Supplies,Paper,166.65,39.63,11,0.2
2024-05-27,West,Furniture,Cabinets,1450.16,112.25,1,0
2024-12-07,Central,Furniture,Cabinets,712.78,82.39,3,0.05
2025-09-19,South,Office Supplies,Labels,396.39,46.49,10,0.2
2025-06-05,Central,Furniture,Sofas,1397.27,162.43,1,0.1
2024-04-22,Central,Furniture,Sofas,2073.19,116.96,3,0.3
2024-01-28,Central,Technology,Laptops,1123.89,174.03,4,0.05
2025-09-26,Central,Office Supplies,Scissors,108.25,-12.67,19,0.25
2024-01-20,Central,Technology,Printers,354.43,53.29,2,0.15
2025-09-18,Central,Furniture,Chairs,1882.13,305.24,3,0.05
2025-11-09,Central,Furniture,Cabinets,1058.88,246.11,1,0.15
2024-12-16,South,Furniture,Sofas,1681.16,177.87,1,0.05
2024-11-01,West,Technology,Accessories,1101.62,160.79,4,0.1
2025-07-27,South,Technology,Phones,924.19,197.48,4,0.15
2024-05-29,South,Office Supplies,Markers,382.8,89.88,3,0.1
2025-11-02,South,Furniture,Cabinets,849.37,200.97,3,0.1
2025-12-13,South,Office Supplies,Paper,252.04,24.82,19,0.05
2025-11-16,West,Furniture,Tables,510.23,98.72,2,0.1
2024-04-12,West,Office Supplies,Envelopes,391.5,70.7,6,0.15
2025-05-02,Central,Furniture,Tables,1987.41,212.82,2,0.1
2024-03-01,East,Furniture,Tables,1523.82,199.62,3,0.3
2024-06-28,Central,Office Supplies,Paper,398.91,-0.55,13,0.3
2024-10-23,East,Office Supplies,Markers,233.67,24.98,4,0.1
2025-10-18,Central,Office Supplies,Envelopes,195.19,-22.68,7,0.3
2024-06-15,Central,Furniture,Sofas,1909.06,-93.29,1,0.25
2024-10-29,West,Office Supplies,Envelopes,344.62,-7.47,13,0.3
2024-12-01,East,Technology,Phones,399.45,45.83,2,0.15
2024-09-11,East,Technology,Printers,467.95,51.66,3,0.1
2025-08-09,East,Technology,Accessories,1085.24,-124.3,1,0.25
2024-11-10,West,Technology,Accessories,1081.89,187.09,3,0.1
2024-08-12,West,Technology,Laptops,764.22,145.5,3,0.15
2025-04-27,West,Office Supplies,Scissors,305.57,42.58,3,0.2
2025-12-21,South,Office Supplies,Envelopes,58.2,5.26,18,0.2
2025-07-03,West,Office Supplies,Markers,343.98,64.0,15,0
2025-08-20,Central,Office Supplies,Envelopes,186.51,14.25,2,0.15
2025-03-01,Central,Furniture,Chairs,1573.47,-90.55,3,0.3
2024-01-23,Central,Technology,Phones,1156.84,155.87,1,0
2025-12-18,East,Furniture,Chairs,2362.62,133.13,1,0.15
2025-02-22,West,Office Supplies,Scissors,391.66,97.36,14,0.1
2025-01-26,Central,Technology,Printers,258.34,27.92,2,0.25
2024-05-01,West,Furniture,Cabinets,1510.57,327.74,3,0.05
2024-01-24,South,Technology,Printers,868.11,123.38,2,0.05
2024-06-07,South,Office Supplies,Scissors,309.71,14.88,2,0.3
2025-09-21,East,Office Supplies,Binders,40.91,5.7,20,0
2025-11-19,East,Office Supplies,Scissors,32.03,5.06,15,0.05
2024-02-27,West,Furniture,Sofas,891.74,101.46,3,0.2
2025-09-04,South,Office Supplies,Markers,352.36,46.76,17,0.05
2024-10-08,East,Furniture,Tables,1714.59,255.69,2,0.2
2024-12-18,Central,Furniture,Sofas,1862.25,204.81,2,0.05
2024-07-07,Central,Office Supplies,Binders,130.78,-1.45,5,0.3
2024-02-29,Central,Technology,Laptops,674.37,78.26,3,0.05
2024-03-21,Central,Technology,Phones,873.11,90.53,2,0
2025-11-20,East,Office Supplies,Binders,324.79,16.71,19,0.25
2024-08-10,Central,Office Supplies,Markers,131.73,31.28,1,0.05
2024-04-30,Central,Office Supplies,Scissors,247.69,57.72,7,0.15
2025-07-19,South,Technology,Printers,779.44,79.75,3,0.1
2025-06-09,Central,Technology,Phones,1233.8,125.75,4,0.3
2024-07-27,South,Technology,Printers,211.72,-22.49,2,0.25
2024-09-24,Central,Technology,Laptops,414.86,68.02,2,0.15
2024-09-08,Central,Furniture,Sofas,940.39,39.97,2,0.25
2025-05-17,Central,Office Supplies,Scissors,321.07,62.31,6,0.05
2025-05-15,West,Furniture,Chairs,1500.28,75.71,1,0.3
2024-01-07,Central,Office Supplies,Scissors,104.1,9.76,5,0
2025-04-11,South,Office Supplies,Envelopes,260.53,47.38,20,0.15
2024-01-17,East,Furniture,Cabinets,424.89,-28.71,3,0.25
2024-10-20,East,Furniture,Cabinets,2092.95,488.93,1,0
2025-06-20,West,Office Supplies,Binders,253.62,-11.07,9,0.3
2025-02-10,East,Technology,Printers,769.65,-63.3,2,0.25
2025-12-01,East,Furniture,Chairs,596.35,95.74,2,0.15
2024-02-27,East,Furniture,Tables,573.64,48.94,2,0.25
2025-08-02,East,Furniture,Chairs,882.51,128.05,3,0.2
2024-02-17,East,Furniture,Sofas,2288.55,-320.69,3,0.25
2024-11-18,East,Office Supplies,Envelopes,70.51,7.75,13,0
2025-07-31,West,Furniture,Cabinets,1821.77,230.94,3,0.1
2024-05-23,East,Furniture,Sofas,512.76,111.65,2,0.05
2024-12-14,Central,Technology,Phones,1006.07,96.21,4,0.15
2025-07-20,Central,Technology,Laptops,1067.59,218.25,4,0
2024-10-29,West,Furniture,Chairs,572.28,110.07,1,0.15
2025-10-11,West,Furniture,Cabinets,1065.02,54.36,1,0
2024-11-11,Central,Technology,Accessories,288.01,39.23,1,0.05
2025-07-24,Central,Office Supplies,Paper,49.5,8.38,18,0
2024-11-28,Central,Office Supplies,Markers,174.32,20.98,3,0.25
2024-09-05,West,Furniture,Cabinets,755.95,78.38,2,0.1
2024-05-29,East,Office Supplies,Labels,121.25,25.04,10,0.15
2025-01-04,South,Office Supplies,Scissors,255.64,22.78,20,0.2
2024-04-19,West,Technology,Phones,1430.91,51.6,3,0.3
2024-12-03,Central,Technology,Printers,1250.89,142.77,2,0.1
2025-12-12,West,Technology,Accessories,389.81,42.21,4,0.1
2025-12-12,Central,Furniture,Tables,1084.36,92.99,2,0.3
2025-01-08,East,Furniture,Tables,1643.68,306.29,3,0.05
2025-07-17,East,Furniture,Cabinets,2380.25,498.75,1,0.15
2025-12-10,East,Technology,Printers,337.89,33.97,3,0.05
2024-06-06,Central,Technology,Phones,756.24,98.43,4,0.2
2025-06-02,Central,Furniture,Chairs,2060.51,244.48,2,0.25
2025-07-03,East,Office Supplies,Binders,268.18,48.11,12,0.05
2024-02-15,Central,Technology,Printers,293.03,27.66,1,0.1
2025-06-15,West,Technology,Accessories,678.03,169.2,2,0.1
2025-05-09,East,Technology,Printers,1392.74,301.2,1,0
2024-05-25,South,Technology,Accessories,764.7,112.09,2,0.2
2025-05-02,East,Technology,Printers,580.53,123.09,3,0
2024-04-27,East,Technology,Phones,1064.14,-81.75,2,0.25
2024-06-27,West,Technology,Printers,1443.92,-41.13,2,0.3
2024-07-07,West,Furniture,Cabinets,1230.72,278.91,3,0.2
2025-04-05,Central,Technology,Phones,1101.39,220.79,2,0.1
2024-03-05,East,Furniture,Tables,1168.17,85.03,1,0.15
2025-11-17,Central,Furniture,Sofas,1653.64,276.82,3,0.15
2024-12-22,South,Technology,Laptops,1248.55,209.8,3,0.2
2025-11-19,West,Technology,Phones,472.07,58.85,1,0.05
2024-05-24,Central,Technology,Laptops,925.99,136.43,4,0.05
2025-07-04,West,Furniture,Tables,1428.25,161.27,1,0.05
2025-04-06,East,Technology,Phones,804.22,-28.0,2,0.3
2025-07-29,Central,Technology,Printers,711.1,59.34,4,0.15
2025-08-01,East,Office Supplies,Markers,27.59,2.97,8,0.2
2025-04-13,Central,Furniture,Chairs,1602.7,20.73,2,0.3
2025-01-10,East,Furniture,Cabinets,1547.34,305.13,2,0
2025-10-31,West,Technology,Phones,757.14,71.94,3,0.3
2025-03-25,East,Office Supplies,Binders,327.12,-14.66,19,0.25
2025-12-28,Central,Office Supplies,Envelopes,68.61,-6.03,7,0.3
2024-03-01,South,Furniture,Sofas,1653.4,406.41,1,0.1
2024-10-26,South,Furniture,Sofas,2400.03,226.93,3,0.25
2024-05-18,Central,Office Supplies,Markers,348.81,38.31,5,0.25
2024-09-12,West,Furniture,Sofas,2139.81,316.46,3,0.15
2025-08-14,South,Furniture,Cabinets,1187.86,104.98,1,0.25
2024-04-05,Central,Furniture,Sofas,1858.88,446.23,2,0.15
2024-12-01,East,Furniture,Chairs,1934.96,95.28,2,0.25
2025-01-01,East,Furniture,Cabinets,857.44,-74.12,2,0.3
2024-10-01,South,Technology,Accessories,888.87,195.98,2,0.2
2024-12-17,East,Office Supplies,Paper,256.08,19.17,15,0
2024-06-10,Central,Technology,Phones,1488.98,370.96,4,0.05
2024-05-15,South,Office Supplies,Markers,50.94,3.39,12,0.1
2025-11-11,West,Office Supplies,Labels,255.86,46.34,8,0.15
2025-12-21,East,Office Supplies,Binders,198.57,18.91,5,0.2
2025-11-27,Central,Office Supplies,Paper,282.8,-6.59,4,0.3
2024-05-15,Central,Office Supplies,Binders,162.48,18.31,4,0
2024-11-02,West,Technology,Laptops,1016.13,158.62,2,0
2024-01-09,West,Technology,Accessories,1125.28,194.92,2,0.15
2025-03-29,West,Office Supplies,Paper,68.91,13.51,4,0.2
2024-12-25,Central,Technology,Laptops,484.51,77.85,1,0.05
2025-09-06,South,Furniture,Chairs,2180.57,198.63,3,0.1
2025-09-13,West,Furniture,Cabinets,1020.64,121.84,1,0.3
2024-09-02,Central,Technology,Phones,475.46,108.28,1,0.2
2024-01-13,South,Technology,Laptops,672.23,107.07,4,0.1
2024-06-25,Central,Office Supplies,Paper,241.13,22.46,1,0.1
2024-03-02,Central,Furniture,Sofas,1720.0,-43.64,3,0.3
2025-12-19,Central,Office Supplies,Scissors,221.58,23.38,20,0.05
2024-11-13,East,Furniture,Tables,2446.06,282.15,1,0.2
2025-08-23,East,Technology,Printers,1135.44,112.29,2,0
2025-03-20,East,Technology,Phones,567.54,29.81,2,0
2024-05-20,East,Office Supplies,Labels,381.91,78.9,17,0.2
2024-09-22,West,Technology,Laptops,1162.2,134.73,3,0.25
2024-01-31,South,Technology,Accessories,857.2,122.16,3,0.25
2025-10-04,East,Technology,Printers,839.56,186.27,1,0.15
2024-06-19,South,Office Supplies,Markers,312.73,20.9,19,0.25
2024-08-21,East,Office Supplies,Paper,109.15,13.82,16,0.1
2024-06-02,West,Office Supplies,Envelopes,324.2,37.08,14,0.05
2025-03-02,South,Technology,Phones,921.57,170.18,1,0.2
2024-02-23,West,Office Supplies,Envelopes,392.84,88.55,13,0
2024-10-16,South,Technology,Phones,896.67,80.82,1,0.1
2025-07-31,South,Furniture,Tables,1374.25,342.95,3,0.15
2024-07-19,West,Office Supplies,Paper,373.97,59.2,1,0.05
2025-10-13,East,Technology,Phones,1174.55,83.89,4,0.3
2024-11-10,East,Office Supplies,Envelopes,393.5,95.32,14,0.15
2024-05-25,South,Office Supplies,Paper,369.69,70.3,17,0.15
2025-01-16,Central,Furniture,Chairs,1619.62,287.39,3,0.05
2025-02-07,East,Furniture,Chairs,1313.46,142.29,1,0.05
2024-11-18,Central,Furniture,Sofas,1067.92,69.35,2,0.05
2024-07-26,West,Furniture,Chairs,726.36,104.02,1,0.15
2025-02-20,East,Furniture,Sofas,2425.73,270.86,1,0.15
2024-09-28,East,Office Supplies,Binders,325.92,20.02,10,0.3
2025-09-09,East,Office Supplies,Markers,72.1,9.32,8,0.1
2024-02-20,South,Technology,Laptops,191.96,-2.75,4,0.3
2025-07-17,West,Office Supplies,Labels,54.23,2.84,5,0
2024-08-15,West,Office Supplies,Labels,158.31,26.47,3,0.2
2024-03-17,East,Office Supplies,Binders,362.46,-40.36,15,0.3
2024-12-05,East,Office Supplies,Labels,34.5,7.39,19,0.15
2025-02-08,Central,Office Supplies,Labels,278.04,25.84,6,0.1
2024-07-10,South,Technology,Printers,1342.62,233.39,1,0.2
2024-09-08,South,Technology,Printers,1341.75,90.63,4,0
2025-01-27,West,Technology,Laptops,1017.58,150.83,2,0.25
2025-07-10,East,Technology,Accessories,797.57,185.46,4,0.1
2025-05-29,South,Technology,Accessories,392.75,36.84,3,0.2
2024-10-14,East,Technology,Accessories,1185.24,83.0,2,0.05
2025-11-03,West,Technology,Phones,1181.47,259.1,2,0.2
2025-02-01,South,Office Supplies,Binders,106.07,7.58,11,0.3
2025-01-02,East,Furniture,Sofas,2389.87,388.64,3,0.05
2024-07-11,Central,Furniture,Sofas,768.67,47.07,1,0
2025-09-08,West,Office Supplies,Envelopes,199.03,17.97,11,0.2
2024-05-13,South,Furniture,Tables,2329.44,126.68,2,0
2025-08-23,West,Office Supplies,Envelopes,346.36,66.12,3,0.1
2025-11-09,Central,Furniture,Chairs,1106.78,271.35,2,0.05
2025-03-23,Central,Furniture,Sofas,765.83,89.51,3,0.25
2025-09-20,South,Office Supplies,Scissors,241.75,26.92,6,0.15
2025-12-06,South,Office Supplies,Binders,295.6,65.08,19,0.15
2025-08-04,East,Office Supplies,Envelopes,137.51,24.47,20,0.05
2024-04-16,Central,Office Supplies,Markers,301.96,74.43,8,0.1
2024-06-20,East,Furniture,Sofas,1337.92,133.67,2,0.05
2024-03-10,South,Technology,Phones,1122.56,154.51,1,0.15
2025-03-05,West,Technology,Printers,1340.39,167.64,3,0.2
2025-05-05,West,Office Supplies,Labels,43.38,2.34,2,0.1
2024-09-24,East,Office Supplies,Markers,80.49,15.81,13,0.05
2025-07-14,East,Technology,Printers,1101.08,-110.66,4,0.25
2025-03-20,West,Office Supplies,Paper,142.47,26.99,7,0.15
2025-07-07,South,Furniture,Sofas,1024.54,131.74,1,0
2025-07-16,Central,Office Supplies,Paper,153.92,16.76,14,0
2025-11-08,Central,Office Supplies,Paper,24.91,-1.56,6,0.25
2024-03-24,Central,Office Supplies,Markers,317.18,72.63,16,0.15
2024-09-28,East,Furniture,Cabinets,788.25,68.83,2,0.1
2024-02-15,South,Technology,Printers,505.59,31.51,3,0.2
2025-12-14,East,Office Supplies,Scissors,147.36,35.98,18,0.15
2025-08-26,West,Furniture,Chairs,2165.67,526.53,3,0.15
2025-12-04,Central,Furniture,Tables,1400.15,322.81,1,0.15
2024-02-05,West,Office Supplies,Labels,81.56,17.27,6,0.05
2024-05-09,East,Technology,Phones,1484.18,370.23,4,0.05
2025-10-04,West,Furniture,Sofas,1071.47,-139.18,3,0.3
2025-02-01,Central,Furniture,Sofas,2198.91,513.3,3,0.15
2024-01-13,Central,Office Supplies,Labels,72.61,12.09,19,0.2
2024-04-12,East,Furniture,Chairs,2050.07,462.45,3,0.1
2024-09-27,Central,Furniture,Cabinets,1601.25,135.21,2,0
2025-02-16,West,Furniture,Cabinets,481.44,-37.9,2,0.25
2025-05-01,South,Technology,Phones,606.12,64.29,3,0.1
2025-05-18,East,Office Supplies,Binders,130.68,12.77,15,0.3
2024-10-02,Central,Furniture,Chairs,794.66,-22.13,1,0.3
2025-05-11,South,Office Supplies,Envelopes,319.72,61.36,3,0.1
2025-02-17,West,Furniture,Chairs,764.85,-101.5,1,0.3
2024-02-03,Central,Office Supplies,Markers,286.28,61.46,9,0.1
2025-06-01,Central,Furniture,Chairs,1830.47,270.47,1,0.1
2025-04-01,West,Technology,Accessories,614.74,61.02,3,0.25
2024-04-02,South,Office Supplies,Labels,34.12,4.76,19,0.3
2024-08-14,West,Furniture,Tables,965.08,52.12,2,0.2
2025-11-29,East,Technology,Laptops,1023.95,102.88,1,0.05
2024-11-08,South,Technology,Printers,1299.64,121.7,4,0.1
2024-11-05,Central,Furniture,Chairs,415.43,42.3,3,0.3
2025-07-28,South,Technology,Phones,800.35,142.56,3,0.1
2024-10-10,South,Furniture,Sofas,795.56,-61.98,3,0.3
2024-02-28,Central,Furniture,Sofas,1829.59,331.3,3,0
2024-10-29,South,Technology,Printers,674.17,129.18,1,0.2
2025-08-08,West,Technology,Laptops,1076.53,-45.7,4,0.25
2024-11-03,West,Furniture,Tables,1016.95,201.54,2,0.05
2025-07-26,West,Furniture,Sofas,1774.31,167.97,1,0.1
2024-11-10,Central,Technology,Accessories,501.75,110.51,3,0.15
2025-04-26,East,Furniture,Chairs,1391.66,102.93,1,0.2
2025-11-28,Central,Furniture,Sofas,1267.53,314.94,1,0.05
2024-12-16,Central,Furniture,Cabinets,700.77,144.21,3,0.05
2025-05-14,South,Furniture,Tables,1058.17,148.58,1,0
2024-08-02,West,Furniture,Tables,1428.11,246.91,1,0.05
2025-10-10,Central,Technology,Printers,1453.19,83.62,4,0
2024-07-23,South,Office Supplies,Markers,306.39,16.42,17,0.05
2024-01-05,West,Office Supplies,Scissors,352.64,24.88,10,0.05
2025-05-30,South,Office Supplies,Paper,332.18,46.9,10,0.1
2025-06-16,South,Technology,Laptops,612.69,122.55,4,0.1
2024-06-17,Central,Office Supplies,Binders,101.36,19.95,5,0.05
2025-08-26,West,Office Supplies,Markers,288.78,65.06,2,0.15
2024-09-18,East,Furniture,Chairs,1790.14,-257.92,3,0.3
2025-12-07,East,Technology,Printers,663.34,126.28,3,0.15
2024-07-29,East,Technology,Printers,1043.25,178.53,3,0.2
2024-05-20,Central,Office Supplies,Envelopes,291.72,21.24,4,0.1
2024-04-18,Central,Office Supplies,Envelopes,91.9,0.64,9,0.3
2024-07-25,South,Furniture,Cabinets,1020.24,152.29,1,0.2
2024-07-31,Central,Technology,Laptops,153.7,33.36,1,0
2025-11-16,Central,Office Supplies,Paper,315.12,21.14,3,0.25
2024-09-19,West,Technology,Accessories,506.57,107.71,1,0
2024-02-10,South,Technology,Accessories,725.09,159.7,1,0
2024-02-16,East,Office Supplies,Scissors,264.17,60.47,11,0.1
2025-09-28,South,Furniture,Chairs,1182.51,86.05,2,0.05
2025-02-13,Central,Technology,Printers,1081.37,-25.39,4,0.3
2024-06-19,East,Office Supplies,Scissors,294.67,39.25,6,0
2025-08-27,Central,Furniture,Cabinets,780.65,-33.12,2,0.3
2024-01-30,West,Technology,Printers,302.47,17.9,4,0.15
2024-09-24,South,Office Supplies,Scissors,349.31,25.53,17,0.3
2025-08-01,West,Furniture,Sofas,1490.11,52.86,3,0.25
2025-03-19,West,Technology,Accessories,1046.01,227.83,4,0.05
2025-07-25,East,Office Supplies,Scissors,374.73,-3.45,17,0.3
2025-05-22,West,Office Supplies,Labels,138.44,8.32,11,0.1
2024-08-16,Central,Technology,Laptops,256.42,5.62,4,0.3
2024-03-31,Central,Technology,Accessories,310.25,14.28,4,0.25
2024-04-15,Central,Technology,Phones,902.13,-110.72,1,0.3
2025-09-10,South,Furniture,Tables,1774.65,217.69,2,0.1
2024-02-25,West,Technology,Accessories,906.2,42.73,4,0.25
2025-04-08,East,Office Supplies,Scissors,100.37,21.68,11,0.1
2024-10-25,South,Furniture,Chairs,496.13,38.74,1,0.15
2025-02-23,East,Technology,Laptops,403.18,57.01,4,0.05
2024-07-14,South,Office Supplies,Labels,32.9,6.73,19,0
2025-04-06,Central,Furniture,Tables,2424.09,478.13,1,0.2
2025-07-20,Central,Furniture,Cabinets,2341.18,55.17,1,0.25
2024-05-11,East,Technology,Accessories,830.55,204.23,4,0.15
2025-12-10,West,Technology,Printers,1450.85,306.07,3,0.15
2024-05-21,Central,Furniture,Sofas,2170.46,-121.17,3,0.3
2025-07-20,West,Office Supplies,Binders,255.3,-11.85,10,0.25
2025-11-19,West,Furniture,Tables,1458.18,-77.7,3,0.25
2024-04-28,South,Furniture,Cabinets,1623.89,-40.2,3,0.25
2025-06-30,South,Technology,Phones,855.69,67.66,1,0.15
2025-11-17,East,Office Supplies,Markers,303.82,56.72,6,0.1
2024-05-29,East,Furniture,Sofas,828.4,100.85,3,0
2025-04-08,East,Furniture,Tables,1959.07,191.05,3,0.15
2025-12-13,South,Furniture,Chairs,2345.62,566.09,2,0.15
2025-12-02,South,Furniture,Chairs,427.23,74.39,2,0.05
2025-03-29,West,Furniture,Sofas,1985.73,61.59,3,0.25
2024-07-17,South,Technology,Laptops,1477.66,358.33,1,0.05
2025-06-10,East,Technology,Phones,728.49,59.87,3,0.05
2024-09-18,East,Technology,Printers,1108.08,89.47,2,0
2024-11-26,East,Furniture,Sofas,1430.16,173.93,3,0.2
2025-12-25,South,Furniture,Tables,2409.67,499.41,3,0
2024-06-12,Central,Furniture,Cabinets,593.09,108.34,1,0.05
2024-12-05,South,Technology,Laptops,1432.92,307.7,4,0.2
2025-10-26,East,Office Supplies,Scissors,148.21,5.06,8,0.25
2025-09-28,West,Office Supplies,Scissors,355.98,47.52,13,0.3
2025-01-30,South,Furniture,Sofas,451.88,36.67,3,0.3
2025-06-10,Central,Technology,Phones,550.19,84.06,2,0.1
2024-04-08,West,Furniture,Chairs,1716.56,66.7,1,0.25
2024-08-06,Central,Office Supplies,Binders,222.04,21.1,14,0.25
2024-03-14,West,Office Supplies,Labels,290.99,18.81,2,0
2024-07-01,South,Furniture,Chairs,1607.42,211.42,1,0.1
2025-04-06,Central,Technology,Accessories,172.8,8.84,1,0.2
2025-09-25,East,Furniture,Chairs,1871.85,441.03,1,0.1
2024-04-18,South,Furniture,Sofas,1673.79,214.26,2,0.3
2025-01-25,Central,Furniture,Chairs,1395.37,107.83,3,0.05
2025-02-04,South,Furniture,Tables,1025.92,-39.05,3,0.25
2024-01-12,West,Office Supplies,Paper,16.94,2.67,20,0.15
2024-03-28,South,Office Supplies,Scissors,300.45,39.82,12,0.05
2025-10-23,West,Office Supplies,Binders,100.0,7.29,9,0.05
2025-11-18,East,Furniture,Cabinets,1753.82,323.29,1,0.1
2024-09-13,East,Office Supplies,Scissors,238.53,18.04,11,0.1
2025-11-02,West,Office Supplies,Markers,253.51,37.31,7,0.1
2024-12-02,South,Furniture,Tables,1587.66,-87.48,2,0.3
2025-03-14,West,Office Supplies,Markers,109.78,7.9,8,0.25
2025-03-22,South,Technology,Laptops,1067.43,152.18,3,0.15
2025-01-02,South,Technology,Phones,387.29,-25.49,1,0.3
2024-05-23,West,Technology,Phones,1132.02,2.44,1,0.3
2024-02-01,Central,Furniture,Tables,2303.24,365.51,3,0.1
2025-07-06,Central,Furniture,Tables,1168.22,31.4,1,0.3
2024-10-24,West,Technology,Phones,685.66,-53.71,1,0.25
2025-09-20,West,Furniture,Tables,1337.06,320.55,1,0.2
2025-11-06,West,Furniture,Cabinets,2372.27,479.9,1,0.05
2024-08-25,East,Technology,Accessories,465.93,107.88,2,0.2
2025-01-04,Central,Technology,Printers,1340.1,-70.73,1,0.25
2025-12-21,South,Furniture,Sofas,1615.13,202.43,3,0.05
2025-01-22,South,Furniture,Chairs,1484.99,227.61,2,0.05
2024-12-27,South,Technology,Printers,1347.68,305.12,1,0.2
2025-03-26,West,Office Supplies,Paper,213.1,17.06,9,0.05
2024-06-10,South,Furniture,Chairs,1788.33,-91.08,2,0.3
2024-04-26,Central,Furniture,Cabinets,1405.94,252.3,3,0.05
2025-02-24,East,Office Supplies,Paper,64.24,4.94,19,0.05
2025-06-08,East,Furniture,Tables,517.42,79.34,2,0.05
2025-02-19,East,Furniture,Sofas,2389.23,409.29,1,0.15
2025-04-27,Central,Office Supplies,Binders,334.69,69.92,20,0.05
2024-07-05,South,Office Supplies,Scissors,278.95,46.9,15,0.2
2024-08-23,Central,Technology,Laptops,296.57,65.81,2,0.2
2025-05-31,Central,Office Supplies,Envelopes,52.07,8.85,16,0.2
2025-06-28,East,Office Supplies,Labels,268.87,57.94,20,0.2
2025-11-25,Central,Furniture,Cabinets,1177.79,10.54,1,0.25
2024-08-22,Central,Technology,Accessories,945.21,72.57,1,0.15
2025-05-03,West,Office Supplies,Markers,245.34,24.92,18,0.15
2024-01-06,East,Furniture,Chairs,1491.5,-131.81,2,0.25
2024-11-19,Central,Technology,Phones,358.95,79.33,3,0.1
2025-03-09,South,Furniture,Sofas,2482.78,-220.7,2,0.3
2025-07-19,Central,Office Supplies,Markers,230.25,57.03,16,0.1
2025-08-14,South,Furniture,Cabinets,1945.14,388.18,3,0
2025-04-02,West,Office Supplies,Binders,210.71,3.2,11,0.3
2025-12-14,East,Office Supplies,Labels,386.36,-47.4,1,0.3
2024-05-28,Central,Furniture,Cabinets,585.1,72.65,2,0.05
2025-09-15,East,Furniture,Cabinets,2354.44,426.71,2,0.2
2024-10-20,East,Office Supplies,Scissors,205.33,45.2,1,0.05
2025-06-14,South,Office Supplies,Paper,316.82,60.1,17,0.2
2025-09-21,West,Furniture,Chairs,1155.45,283.23,3,0
2024-03-29,South,Technology,Accessories,1054.04,94.93,4,0.2
2024-01-16,East,Office Supplies,Envelopes,124.53,14.9,18,0.2
2024-10-10,West,Furniture,Tables,1354.99,69.01,2,0.2
2024-06-28,Central,Furniture,Chairs,1573.12,185.62,3,0.1
2024-04-29,South,Furniture,Sofas,1857.8,272.59,2,0.2
2024-09-06,South,Technology,Printers,1360.31,99.65,1,0.15
2024-03-10,Central,Furniture,Tables,1821.52,-100.7,1,0.3
2024-12-27,East,Furniture,Sofas,921.34,170.21,1,0.15
2024-12-16,East,Furniture,Tables,1400.77,320.58,2,0.05
2024-10-02,West,Furniture,Tables,1447.9,285.36,1,0.05
2024-09-28,West,Office Supplies,Binders,336.45,27.32,20,0.1
2024-04-19,East,Office Supplies,Scissors,382.98,19.66,16,0.2
2025-07-08,East,Technology,Accessories,987.9,221.05,4,0.2
2025-05-17,West,Furniture,Sofas,1235.55,75.16,3,0.05
2025-03-09,Central,Furniture,Chairs,1455.2,81.35,2,0.3
2024-06-27,Central,Office Supplies,Scissors,214.51,-31.63,11,0.25
2025-11-21,West,Technology,Phones,589.34,94.13,3,0.05
2024-08-30,South,Technology,Accessories,644.0,59.32,4,0.15
2025-12-18,South,Technology,Printers,527.5,40.21,2,0.2
2025-08-12,West,Office Supplies,Scissors,118.93,16.23,8,0.2
2025-01-25,West,Office Supplies,Scissors,72.58,9.75,1,0.05
2024-05-17,South,Technology,Accessories,488.81,34.12,1,0.15
2024-06-16,East,Office Supplies,Markers,198.47,39.48,4,0.15
2024-09-23,South,Technology,Accessories,614.59,73.88,4,0
2025-11-26,West,Furniture,Tables,2456.68,282.56,2,0.1
2025-06-06,Central,Furniture,Cabinets,2268.23,243.39,2,0.2
2025-10-08,West,Office Supplies,Scissors,325.97,57.45,11,0.15
2025-08-08,Central,Office Supplies,Paper,77.37,8.77,8,0.1
2024-10-25,South,Furniture,Cabinets,969.62,105.54,2,0.3
2025-01-06,Central,Technology,Laptops,398.25,77.88,1,0.05
2025-11-08,South,Furniture,Chairs,842.2,58.21,2,0
2025-04-29,East,Office Supplies,Labels,216.73,22.21,3,0
2024-06-08,East,Furniture,Cabinets,1049.68,-67.96,1,0.25
2025-10-03,West,Office Supplies,Envelopes,337.83,61.72,1,0
2024-11-29,Central,Technology,Accessories,890.54,10.5,2,0.25
2025-08-28,Central,Furniture,Cabinets,1499.27,167.82,3,0.2
2024-12-21,Central,Furniture,Tables,2089.89,257.38,2,0.1
2024-09-23,West,Technology,Phones,150.12,16.12,2,0.1
2025-07-01,East,Furniture,Cabinets,2388.61,123.79,2,0.1
2025-03-16,South,Furniture,Tables,2073.21,181.85,3,0.1
2025-07-28,Central,Technology,Laptops,370.41,-13.52,4,0.3
2024-09-26,East,Technology,Laptops,847.42,152.27,3,0.1
2025-06-28,South,Technology,Laptops,1302.2,140.53,2,0.05
2025-10-14,Central,Furniture,Cabinets,971.48,85.06,3,0.15
2024-01-20,West,Office Supplies,Envelopes,23.52,2.44,4,0.1
2025-03-24,East,Office Supplies,Paper,73.01,8.64,16,0.05
2024-11-15,Central,Technology,Printers,1090.86,72.05,1,0.1
2024-05-29,East,Technology,Printers,246.37,21.79,4,0.05
2024-09-13,Central,Office Supplies,Paper,390.22,79.7,8,0.15
2025-03-29,West,Furniture,Chairs,818.28,-99.68,3,0.3
2025-11-12,West,Technology,Printers,1069.95,87.44,3,0.1
2024-02-13,East,Technology,Printers,1012.0,230.23,2,0.1
2025-11-13,West,Office Supplies,Binders,258.67,21.59,11,0
2024-10-09,East,Technology,Laptops,162.06,33.5,1,0.2
2025-05-01,West,Technology,Phones,485.78,90.93,4,0
2024-12-12,East,Office Supplies,Markers,263.16,-31.0,18,0.3
2025-05-14,West,Technology,Accessories,1237.46,-113.98,4,0.25
2025-12-06,Central,Technology,Laptops,488.44,93.45,1,0.15
2025-07-26,South,Furniture,Cabinets,798.53,95.45,1,0.2
2025-04-24,South,Furniture,Tables,544.64,59.44,1,0.15
2024-09-26,South,Technology,Phones,1197.49,-112.97,4,0.25
2024-01-20,South,Furniture,Tables,1073.46,150.44,1,0.25
2025-01-31,West,Furniture,Cabinets,2008.04,214.11,1,0.2
2025-02-23,South,Office Supplies,Paper,216.43,46.97,3,0
2024-05-12,West,Office Supplies,Binders,56.22,3.17,7,0
2025-10-19,Central,Furniture,Cabinets,1504.22,152.21,3,0.2
2025-01-10,West,Furniture,Chairs,427.48,-1.1,1,0.25
2024-03-22,Central,Furniture,Chairs,1157.94,248.27,3,0.15
2025-12-26,East,Furniture,Sofas,1510.94,327.71,3,0
2024-03-20,West,Furniture,Chairs,612.57,77.84,1,0.2
2024-07-16,West,Furniture,Tables,1572.69,313.31,3,0.15
2025-10-15,South,Furniture,Cabinets,1875.36,156.33,2,0
2024-07-03,Central,Furniture,Sofas,1780.82,246.83,3,0.2
2024-12-26,South,Furniture,Sofas,2174.19,86.91,2,0.3
2024-11-27,West,Furniture,Tables,1187.63,-87.62,3,0.25
2025-04-08,Central,Technology,Phones,1130.52,60.21,3,0.2
2024-05-18,South,Office Supplies,Markers,393.99,-21.88,7,0.3
2025-12-07,South,Furniture,Tables,598.0,48.57,2,0.1
2024-09-28,South,Furniture,Tables,889.29,145.93,2,0
2025-08-05,West,Furniture,Chairs,1919.52,283.43,2,0.05
2025-12-07,East,Furniture,Sofas,478.48,31.43,3,0.15
2024-02-27,South,Technology,Printers,712.3,57.78,1,0.3
2025-10-30,East,Furniture,Cabinets,513.67,58.49,3,0
2025-08-01,West,Technology,Laptops,356.82,71.57,4,0.15
2025-08-12,East,Office Supplies,Labels,126.57,9.67,13,0.05
2024-03-25,Central,Furniture,Chairs,1551.12,201.19,2,0
2025-03-20,West,Office Supplies,Labels,230.33,41.56,16,0.15
2024-07-19,West,Office Supplies,Paper,117.51,21.97,14,0.1
2025-08-12,East,Office Supplies,Scissors,174.23,15.35,12,0.1
2024-12-18,East,Technology,Laptops,1483.33,117.43,4,0.2
2024-02-15,West,Office Supplies,Scissors,158.92,31.45,3,0
2024-09-05,West,Technology,Phones,613.42,85.89,1,0.1
2024-01-24,South,Office Supplies,Scissors,222.13,34.35,7,0.2
2024-09-21,Central,Furniture,Tables,1859.65,233.05,3,0
2025-11-10,East,Technology,Laptops,231.15,13.63,2,0.3
2024-10-04,East,Technology,Phones,239.91,25.34,3,0.25
2025-11-06,South,Office Supplies,Paper,127.61,31.39,13,0.05
2025-06-04,East,Technology,Printers,1320.14,118.52,1,0.05
2025-04-13,East,Office Supplies,Binders,370.07,54.77,10,0.1
2024-06-09,East,Technology,Accessories,629.76,156.94,3,0.05
2025-05-28,South,Office Supplies,Scissors,114.21,16.8,13,0.3
2025-07-22,South,Office Supplies,Binders,146.59,-15.95,13,0.25
2025-01-26,West,Technology,Laptops,923.41,214.18,4,0.1
2024-12-03,Central,Furniture,Tables,834.19,132.03,1,0.2
2024-07-26,West,Technology,Laptops,730.59,94.91,2,0.25
2024-06-10,South,Office Supplies,Envelopes,220.19,25.0,4,0.05
2024-05-29,East,Technology,Printers,1447.61,288.25,3,0.15
2025-10-14,South,Office Supplies,Binders,56.11,11.36,6,0
2025-09-18,South,Furniture,Tables,1652.36,-234.92,1,0.25
2024-03-22,Central,Office Supplies,Envelopes,340.76,15.29,16,0.25
2024-07-07,Central,Technology,Printers,335.64,18.95,2,0.05
2024-01-16,South,Technology,Laptops,1152.19,-102.12,2,0.3
2024-06-30,Central,Furniture,Cabinets,1844.51,249.95,2,0.05
2024-02-12,Central,Furniture,Sofas,1227.72,207.19,3,0.2
2025-06-21,East,Furniture,Chairs,1348.38,207.3,1,0.05
2025-02-09,East,Furniture,Cabinets,1483.87,130.54,3,0
2025-03-26,Central,Technology,Accessories,772.82,133.41,4,0.1
2024-02-25,West,Technology,Printers,272.1,55.98,1,0.05
2025-12-13,West,Technology,Printers,586.67,82.57,1,0.05
2025-12-30,West,Technology,Phones,487.61,34.12,2,0.25
2024-04-03,East,Furniture,Cabinets,1731.55,331.52,1,0.2
2025-06-07,West,Technology,Printers,209.27,34.13,2,0.1
2025-11-06,West,Office Supplies,Binders,83.86,9.36,2,0.15
2025-04-01,South,Furniture,Tables,646.86,32.8,1,0.05
2024-09-16,East,Technology,Printers,1304.8,295.59,1,0.2
2024-08-31,West,Furniture,Cabinets,1352.85,230.31,2,0
2024-01-07,West,Furniture,Sofas,1701.51,166.03,3,0.3
2024-02-20,West,Office Supplies,Paper,266.51,58.84,2,0.05
2025-11-14,South,Technology,Phones,216.19,17.79,4,0.05
2024-10-18,West,Technology,Accessories,1407.5,-84.75,1,0.3
2025-01-12,Central,Office Supplies,Labels,339.67,48.97,3,0.1
2024-05-04,South,Technology,Printers,858.27,52.9,2,0.2
2025-08-08,East,Technology,Accessories,726.52,112.67,3,0.1
2025-09-30,South,Office Supplies,Envelopes,231.61,9.16,17,0.25
2025-05-19,West,Furniture,Tables,1888.03,139.04,1,0
2025-04-21,East,Furniture,Tables,2079.09,122.87,2,0.15
2024-12-24,West,Office Supplies,Scissors,92.46,19.24,10,0.1
2024-11-11,South,Furniture,Sofas,2010.77,-100.57,1,0.25
2025-02-09,East,Office Supplies,Binders,142.25,-0.89,11,0.25
2025-04-30,East,Furniture,Tables,1411.14,322.32,3,0.15
2025-07-03,South,Technology,Printers,1402.52,8.87,1,0.3
2025-08-01,South,Furniture,Chairs,837.35,175.77,3,0.1
2024-12-28,East,Office Supplies,Markers,338.68,59.37,11,0.15
2024-06-18,Central,Office Supplies,Envelopes,59.99,6.44,10,0.25
2025-12-27,East,Technology,Printers,267.18,37.51,2,0.1
2024-11-05,West,Furniture,Sofas,767.53,-106.52,2,0.3
2024-07-25,East,Technology,Phones,1228.68,145.01,2,0.05
2025-05-10,South,Technology,Laptops,1188.8,172.0,1,0.3
2025-06-12,West,Office Supplies,Scissors,29.07,3.18,13,0.25
2024-04-28,East,Technology,Phones,1077.52,154.49,1,0.1
2024-02-17,East,Furniture,Sofas,447.21,52.61,2,0.25
2024-11-24,West,Office Supplies,Markers,121.51,-2.15,11,0.3
2024-04-30,South,Office Supplies,Binders,120.35,19.49,1,0.2
2024-04-14,West,Furniture,Sofas,1553.67,370.79,2,0.05
2024-10-17,West,Office Supplies,Paper,134.88,18.71,11,0.2
2024-05-13,East,Technology,Phones,293.0,39.64,1,0
2024-07-02,Central,Furniture,Sofas,1056.13,81.87,1,0.25
2025-06-30,East,Technology,Laptops,275.44,38.87,4,0
2025-12-01,Central,Technology,Laptops,1429.06,169.64,2,0.3
2024-09-21,South,Technology,Laptops,1094.48,118.46,3,0.3
2024-11-28,Central,Technology,Phones,238.24,34.72,1,0.1
2024-06-23,South,Technology,Laptops,835.73,53.72,4,0.3
2024-04-19,South,Furniture,Chairs,2064.1,268.67,3,0.15
2025-02-27,West,Furniture,Tables,1550.69,98.02,2,0.15
2024-08-01,Central,Technology,Accessories,885.11,161.55,2,0.05
2024-03-20,Central,Office Supplies,Envelopes,244.49,17.0,11,0.2
2025-03-31,West,Technology,Printers,243.97,22.99,1,0.25
2025-01-23,South,Technology,Phones,272.22,62.79,2,0.2
2025-10-13,East,Office Supplies,Scissors,72.45,9.27,18,0.1
2025-08-14,Central,Office Supplies,Binders,277.38,45.51,11,0.1
2025-11-26,South,Technology,Accessories,1486.89,367.68,1,0.2
2025-02-17,West,Technology,Phones,648.45,123.64,1,0
2025-01-02,East,Technology,Phones,467.58,-25.51,4,0.25
2025-01-26,Central,Technology,Printers,885.91,68.94,2,0.15
2025-07-22,Central,Technology,Printers,358.26,18.74,2,0.05
2025-10-25,East,Office Supplies,Scissors,355.68,23.81,14,0.05
2025-10-19,Central,Technology,Printers,991.39,133.66,4,0.2
2025-04-05,Central,Technology,Laptops,400.82,59.98,1,0.2
2024-08-30,South,Technology,Accessories,195.17,28.62,1,0.2
2025-01-12,East,Furniture,Cabinets,2419.65,474.34,1,0.05
2025-06-23,South,Technology,Phones,856.53,123.76,1,0.05
2025-11-10,East,Furniture,Sofas,1687.38,347.1,2,0.2
2025-04-25,Central,Furniture,Cabinets,1605.33,193.58,2,0.15
2024-10-28,South,Office Supplies,Paper,282.59,-16.61,20,0.25
2025-07-31,South,Office Supplies,Scissors,197.17,11.89,6,0.2
2024-10-25,East,Technology,Printers,261.39,22.25,1,0.3
2024-09-15,West,Furniture,Sofas,977.96,193.92,2,0
2025-09-10,West,Furniture,Tables,1784.23,-173.75,2,0.3
2025-12-18,West,Technology,Laptops,1229.15,303.37,1,0.1
2024-05-28,West,Technology,Printers,1190.0,-21.35,2,0.25
2025-10-14,West,Office Supplies,Envelopes,297.73,53.13,12,0
2024-04-28,East,Office Supplies,Labels,168.52,33.57,10,0.15
2025-06-29,West,Technology,Printers,790.7,177.16,2,0.2
2024-01-13,South,Technology,Printers,1065.97,248.95,1,0
2025-10-14,South,Technology,Accessories,602.21,-72.58,3,0.3
2025-11-01,Central,Technology,Laptops,1141.32,134.08,2,0.2
2025-12-07,West,Technology,Phones,1058.28,139.96,1,0
2025-06-21,East,Furniture,Cabinets,1138.18,114.25,3,0.1
2024-02-04,East,Furniture,Chairs,519.45,61.39,3,0.25
2024-08-10,East,Furniture,Chairs,581.41,72.79,3,0.05
2025-10-25,West,Office Supplies,Scissors,85.94,15.65,10,0.15
2024-03-18,Central,Technology,Printers,1084.5,89.36,3,0.1
2024-03-16,South,Office Supplies,Labels,164.61,39.69,2,0.1
2024-09-28,West,Technology,Phones,813.82,104.6,2,0.2
2025-10-22,Central,Office Supplies,Binders,223.14,38.56,14,0.05
2024-04-18,Central,Furniture,Sofas,616.9,101.34,1,0
2024-09-13,Central,Office Supplies,Labels,72.31,13.23,1,0
2024-09-29,West,Furniture,Sofas,2299.7,352.03,3,0
2025-05-17,Central,Technology,Printers,1289.47,122.72,1,0.2
2025-01-28,Central,Office Supplies,Envelopes,221.09,41.2,12,0.1
2025-02-14,East,Furniture,Chairs,1167.25,254.74,2,0
2024-10-23,West,Office Supplies,Envelopes,30.14,-2.79,13,0.25
2025-12-13,Central,Office Supplies,Scissors,280.2,63.62,16,0
2025-03-24,West,Office Supplies,Paper,89.34,13.21,19,0.05
2024-03-05,South,Technology,Printers,1454.88,171.47,1,0
2024-12-11,East,Technology,Phones,435.77,48.4,4,0.25
2025-07-03,West,Furniture,Tables,2342.11,-251.83,1,0.25
2025-10-31,East,Technology,Phones,477.62,40.33,2,0
2024-02-21,South,Office Supplies,Labels,250.32,53.46,19,0
2024-04-18,East,Technology,Laptops,235.2,27.63,2,0.15
2025-11-25,Central,Technology,Phones,1467.4,318.84,2,0.1
2024-08-06,East,Furniture,Tables,1104.56,86.43,1,0.1
2025-03-01,West,Furniture,Sofas,1562.16,367.32,2,0.05
2024-02-11,West,Office Supplies,Scissors,250.79,56.66,6,0
2024-03-23,East,Office Supplies,Binders,371.56,49.51,19,0.1
2025-05-02,West,Office Supplies,Binders,261.33,34.6,17,0.15
2024-06-27,East,Furniture,Tables,1906.12,334.41,3,0
2024-11-04,South,Technology,Phones,902.91,223.31,2,0
2024-04-07,South,Furniture,Tables,1374.85,-120.39,3,0.25
2024-02-24,West,Office Supplies,Binders,278.82,23.77,16,0.15
2025-11-17,East,Office Supplies,Scissors,155.21,15.56,7,0.15
2025-09-23,Central,Office Supplies,Paper,300.06,24.49,18,0.05
2024-01-30,Central,Furniture,Chairs,548.8,-9.08,1,0.25
2025-08-16,South,Technology,Laptops,1158.57,238.43,3,0.05
2024-11-29,West,Office Supplies,Binders,299.03,68.26,7,0.15
2024-03-16,Central,Furniture,Cabinets,514.11,47.93,2,0.05
2025-09-16,Central,Office Supplies,Labels,158.79,-14.57,15,0.25
2025-01-02,South,Office Supplies,Markers,63.98,6.79,19,0
2024-04-23,Central,Technology,Printers,381.12,86.62,3,0.05
2025-09-10,West,Furniture,Tables,1614.06,-130.88,3,0.3
2025-02-25,Central,Office Supplies,Envelopes,197.29,10.44,15,0.1
2025-03-14,West,Office Supplies,Markers,182.19,43.59,8,0.2
2025-08-10,East,Technology,Phones,204.08,16.45,4,0.25
2024-02-04,Central,Furniture,Cabinets,1406.47,-169.62,3,0.3
2025-05-22,West,Office Supplies,Envelopes,304.94,23.34,14,0.05
2024-10-29,West,Furniture,Chairs,433.45,35.7,3,0.1
2025-04-15,East,Technology,Printers,1191.98,247.9,4,0.05
2025-01-14,Central,Furniture,Chairs,2206.8,504.67,1,0.15
2024-12-06,East,Technology,Printers,1166.4,64.62,2,0.3
2025-09-27,South,Furniture,Chairs,1480.95,337.06,3,0.1
2024-04-23,Central,Technology,Printers,985.83,83.85,3,0.1
2025-07-26,East,Furniture,Tables,690.65,109.07,2,0.05
2025-10-26,Central,Furniture,Tables,1981.66,238.87,1,0.1
2024-09-30,Central,Technology,Phones,235.55,34.68,3,0.15
2025-06-23,East,Technology,Accessories,760.17,39.52,3,0.3
2025-12-10,East,Office Supplies,Labels,48.61,5.23,13,0.05
2024-03-19,East,Office Supplies,Markers,58.13,4.66,5,0.15
2024-07-28,East,Technology,Printers,1458.93,174.11,2,0.15
2025-03-30,East,Technology,Laptops,234.98,31.54,2,0.3
2025-10-22,South,Technology,Accessories,1035.28,174.62,3,0.15
2025-12-14,Central,Technology,Accessories,915.79,190.35,3,0.05
2024-08-20,Central,Technology,Accessories,1189.16,143.44,1,0.05
2025-04-11,West,Furniture,Tables,1894.81,463.55,2,0.05
2025-12-26,West,Office Supplies,Binders,60.01,4.52,11,0.2
2024-09-23,South,Office Supplies,Binders,231.56,-12.72,2,0.25
2024-12-18,West,Technology,Printers,878.82,96.94,2,0.2
2024-01-26,Central,Technology,Laptops,1429.52,72.7,3,0.05
2025-07-13,South,Furniture,Sofas,1395.21,201.2,2,0.3
2025-08-10,West,Furniture,Cabinets,1111.24,-7.01,1,0.25
2024-02-11,West,Furniture,Chairs,1046.97,228.42,2,0.2
2025-04-01,South,Office Supplies,Markers,36.19,5.62,7,0.2
2024-10-11,West,Office Supplies,Paper,222.29,11.44,15,0.25
2024-03-30,Central,Office Supplies,Labels,137.34,32.78,20,0.2
2025-11-13,South,Technology,Laptops,1116.55,142.05,4,0.1
2024-01-13,South,Technology,Accessories,565.92,10.36,4,0.3
2024-08-08,Central,Furniture,Cabinets,2087.74,440.79,2,0.05
2025-03-10,Central,Office Supplies,Envelopes,245.21,27.13,5,0.05
2025-06-21,South,Office Supplies,Envelopes,306.1,40.37,3,0
2024-10-06,Central,Office Supplies,Envelopes,192.92,24.01,19,0.3
2024-07-23,West,Technology,Accessories,897.72,87.86,1,0.3
2025-08-22,South,Technology,Printers,453.1,46.46,1,0.05
2025-10-17,Central,Office Supplies,Scissors,271.38,23.3,10,0.15
2025-12-05,West,Office Supplies,Paper,309.42,52.53,16,0
2025-01-05,Central,Furniture,Cabinets,2223.53,-15.98,3,0.25
2025-12-11,East,Technology,Phones,1291.13,79.67,2,0.2
2024-11-23,Central,Furniture,Tables,1150.51,140.63,1,0.1
2025-10-13,South,Office Supplies,Markers,127.29,11.3,3,0.2
2025-10-05,West,Office Supplies,Envelopes,304.76,68.42,18,0.1
2025-12-02,South,Technology,Accessories,279.38,-29.86,3,0.3
2024-05-20,South,Technology,Printers,706.19,66.08,2,0
2025-05-30,West,Office Supplies,Envelopes,251.17,2.42,17,0.3
2025-07-18,East,Technology,Printers,1386.64,-153.4,1,0.3
2024-01-18,Central,Technology,Accessories,1082.92,-18.86,2,0.3
2025-09-03,South,Office Supplies,Scissors,132.3,10.02,4,0.05
