week,channel,spend_usd,impressions,clicks,leads,attributed_revenue_usd,cpl_usd,roas,region,audience_segment
2022-01-03,SEO,2083.66,2604,73,2,320.14,1041.83,0.15,Norte,Jovenes 18-25
2022-01-03,Paid Search,3451.22,1380,47,1,196.47,3451.22,0.06,Norte,Adultos 26-40
2022-01-03,Paid Search,3577.75,1431,64,2,431.06,1788.87,0.12,Centro,Jovenes 18-25
2022-01-03,Social,2413.92,2011,48,1,136.67,2413.92,0.06,Sur,Profesionales 41-55
2022-01-03,Social,1972.69,1643,43,1,140.64,1972.69,0.07,Centro,Jovenes 18-25
2022-01-03,Email,1282.7,4275,780,65,12368.38,19.73,9.64,Centro,Profesionales 41-55
2022-01-03,Display,3274.26,3638,31,1,106.94,3274.26,0.03,Centro,Jovenes 18-25
2022-01-10,SEO,2213.19,2766,111,4,706.58,553.3,0.32,Centro,Adultos 26-40
2022-01-10,Paid Search,3229.14,1291,47,1,258.43,3229.14,0.08,Norte,Adultos 26-40
2022-01-10,Paid Search,3394.41,1357,51,1,199.76,3394.41,0.06,Sur,Profesionales 41-55
2022-01-10,Social,2470.4,2058,63,1,121.93,2470.4,0.05,Centro,Mayores 55+
2022-01-10,Social,2083.92,1736,42,1,172.58,2083.92,0.08,Centro,Adultos 26-40
2022-01-10,Email,1255.96,4186,722,58,11409.07,21.65,9.08,Centro,Adultos 26-40
2022-01-10,Display,2956.76,3285,26,1,124.06,2956.76,0.04,Occidente,Profesionales 41-55
2022-01-17,SEO,1831.59,2289,96,4,602.18,457.9,0.33,Norte,Jovenes 18-25
2022-01-17,Paid Search,3010.06,1204,43,1,228.48,3010.06,0.08,Occidente,Mayores 55+
2022-01-17,Paid Search,3456.66,1382,57,1,224.68,3456.66,0.07,Norte,Jovenes 18-25
2022-01-17,Social,2362.11,1968,55,1,158.46,2362.11,0.07,Norte,Profesionales 41-55
2022-01-17,Social,2196.16,1830,50,1,172.55,2196.16,0.08,Centro,Adultos 26-40
2022-01-17,Email,1202.77,4009,608,42,9548.01,28.64,7.94,Sur,Adultos 26-40
2022-01-17,Display,3078.96,3421,23,1,140.28,3078.96,0.05,Norte,Profesionales 41-55
2022-01-24,SEO,1993.16,2491,73,3,644.83,664.39,0.32,Centro,Adultos 26-40
2022-01-24,Paid Search,2914.39,1165,56,2,367.08,1457.19,0.13,Occidente,Jovenes 18-25
2022-01-24,Paid Search,3841.81,1536,65,1,234.06,3841.81,0.06,Sur,Profesionales 41-55
2022-01-24,Social,2258.6,1882,54,1,175.73,2258.6,0.08,Sur,Profesionales 41-55
2022-01-24,Social,2172.12,1810,54,1,173.98,2172.12,0.08,Occidente,Jovenes 18-25
2022-01-24,Email,1109.25,3697,549,25,5107.84,44.37,4.6,Sur,Jovenes 18-25
2022-01-24,Display,2788.15,3097,26,1,139.46,2788.15,0.05,Centro,Jovenes 18-25
2022-01-31,SEO,2008.49,2510,80,3,548.47,669.5,0.27,Occidente,Adultos 26-40
2022-01-31,Paid Search,3646.9,1458,68,2,369.06,1823.45,0.1,Occidente,Profesionales 41-55
2022-01-31,Paid Search,3282.97,1313,54,2,470.51,1641.48,0.14,Norte,Jovenes 18-25
2022-01-31,Social,2174.56,1812,47,1,134.92,2174.56,0.06,Sur,Mayores 55+
2022-01-31,Social,1998.2,1665,40,1,172.47,1998.2,0.09,Norte,Mayores 55+
2022-01-31,Email,1310.89,4369,898,44,9335.55,29.79,7.12,Norte,Jovenes 18-25
2022-01-31,Display,3609.31,4010,36,1,119.31,3609.31,0.03,Sur,Mayores 55+
2022-02-07,SEO,2241.47,2801,84,2,344.22,1120.73,0.15,Occidente,Profesionales 41-55
2022-02-07,Paid Search,3282.39,1312,65,3,674.72,1094.13,0.21,Occidente,Adultos 26-40
2022-02-07,Paid Search,3047.42,1218,45,1,240.74,3047.42,0.08,Norte,Profesionales 41-55
2022-02-07,Social,1942.42,1618,46,1,171.16,1942.42,0.09,Sur,Jovenes 18-25
2022-02-07,Social,2549.64,2124,49,1,155.7,2549.64,0.06,Sur,Mayores 55+
2022-02-07,Email,1063.16,3543,737,40,8302.46,26.58,7.81,Norte,Mayores 55+
2022-02-07,Display,3351.08,3723,30,1,108.52,3351.08,0.03,Centro,Adultos 26-40
2022-02-14,SEO,1859.37,2324,69,3,530.76,619.79,0.29,Norte,Jovenes 18-25
2022-02-14,Paid Search,3317.95,1327,66,3,547.34,1105.98,0.16,Sur,Profesionales 41-55
2022-02-14,Paid Search,2989.52,1195,47,1,197.5,2989.52,0.07,Centro,Adultos 26-40
2022-02-14,Social,2198.46,1832,52,1,179.03,2198.46,0.08,Norte,Profesionales 41-55
2022-02-14,Social,2530.14,2108,49,1,135.87,2530.14,0.05,Norte,Adultos 26-40
2022-02-14,Email,1118.05,3726,698,51,8990.68,21.92,8.04,Centro,Mayores 55+
2022-02-14,Display,2961.08,3290,30,1,126.45,2961.08,0.04,Centro,Jovenes 18-25
2022-02-21,SEO,1702.13,2127,82,3,488.58,567.38,0.29,Occidente,Mayores 55+
2022-02-21,Paid Search,3421.39,1368,48,2,473.62,1710.7,0.14,Sur,Jovenes 18-25
2022-02-21,Paid Search,3697.27,1478,64,1,187.22,3697.27,0.05,Centro,Profesionales 41-55
2022-02-21,Social,2508.12,2090,65,1,173.94,2508.12,0.07,Sur,Adultos 26-40
2022-02-21,Social,2352.18,1960,51,1,172.48,2352.18,0.07,Sur,Adultos 26-40
2022-02-21,Email,1331.26,4437,950,73,16827.47,18.24,12.64,Norte,Adultos 26-40
2022-02-21,Display,3427.1,3807,28,1,134.51,3427.1,0.04,Sur,Profesionales 41-55
2022-02-28,SEO,1795.52,2244,84,3,440.36,598.51,0.25,Occidente,Adultos 26-40
2022-02-28,Paid Search,3057.17,1222,59,2,496.41,1528.58,0.16,Sur,Adultos 26-40
2022-02-28,Paid Search,2879.85,1151,42,1,252.06,2879.85,0.09,Centro,Profesionales 41-55
2022-02-28,Social,2335.08,1945,52,1,152.17,2335.08,0.07,Norte,Jovenes 18-25
2022-02-28,Social,2493.37,2077,52,1,179.01,2493.37,0.07,Norte,Jovenes 18-25
2022-02-28,Email,1234.77,4115,694,52,10135.4,23.75,8.21,Norte,Mayores 55+
2022-02-28,Display,3583.52,3981,27,1,116.93,3583.52,0.03,Sur,Profesionales 41-55
2022-03-07,SEO,2448.47,3060,126,7,1322.07,349.78,0.54,Norte,Profesionales 41-55
2022-03-07,Paid Search,4208.97,1683,75,2,474.71,2104.49,0.11,Sur,Adultos 26-40
2022-03-07,Paid Search,4099.76,1639,80,3,766.34,1366.59,0.19,Centro,Mayores 55+
2022-03-07,Social,2840.27,2366,53,1,145.79,2840.27,0.05,Centro,Mayores 55+
2022-03-07,Social,2751.1,2292,68,1,167.62,2751.1,0.06,Sur,Jovenes 18-25
2022-03-07,Email,1402.7,4675,896,62,10383.2,22.62,7.4,Sur,Profesionales 41-55
2022-03-07,Display,3669.57,4077,28,1,107.75,3669.57,0.03,Occidente,Jovenes 18-25
2022-03-14,SEO,2466.56,3083,124,5,978.6,493.31,0.4,Occidente,Mayores 55+
2022-03-14,Paid Search,4073.56,1629,58,2,509.11,2036.78,0.12,Norte,Mayores 55+
2022-03-14,Paid Search,3845.74,1538,72,3,650.64,1281.91,0.17,Sur,Jovenes 18-25
2022-03-14,Social,2763.43,2302,72,1,179.27,2763.43,0.06,Centro,Mayores 55+
2022-03-14,Social,2894.63,2412,73,1,169.83,2894.63,0.06,Occidente,Adultos 26-40
2022-03-14,Email,1609.64,5365,955,53,9528.3,30.37,5.92,Centro,Mayores 55+
2022-03-14,Display,4152.1,4613,33,1,109.71,4152.1,0.03,Centro,Profesionales 41-55
2022-03-21,SEO,2364.78,2955,105,3,481.95,788.26,0.2,Sur,Adultos 26-40
2022-03-21,Paid Search,3650.93,1460,59,2,425.18,1825.46,0.12,Sur,Mayores 55+
2022-03-21,Paid Search,4060.74,1624,75,3,533.16,1353.58,0.13,Occidente,Mayores 55+
2022-03-21,Social,2384.95,1987,52,1,171.21,2384.95,0.07,Occidente,Adultos 26-40
2022-03-21,Social,2790.11,2325,59,1,143.33,2790.11,0.05,Occidente,Adultos 26-40
2022-03-21,Email,1653.23,5510,1158,96,19462.07,17.22,11.77,Occidente,Jovenes 18-25
2022-03-21,Display,3500.74,3889,30,1,104.72,3500.74,0.03,Centro,Mayores 55+
2022-03-28,SEO,2370.51,2963,101,4,829.34,592.63,0.35,Centro,Mayores 55+
2022-03-28,Paid Search,3887.86,1555,54,1,223.47,3887.86,0.06,Centro,Adultos 26-40
2022-03-28,Paid Search,4389.18,1755,82,3,727.12,1463.06,0.17,Sur,Adultos 26-40
2022-03-28,Social,3084.95,2570,75,1,148.41,3084.95,0.05,Norte,Adultos 26-40
2022-03-28,Social,2770.63,2308,58,1,156.35,2770.63,0.06,Norte,Adultos 26-40
2022-03-28,Email,1709.12,5697,864,40,7398.26,42.73,4.33,Occidente,Mayores 55+
2022-03-28,Display,4529.76,5033,35,1,135.87,4529.76,0.03,Sur,Jovenes 18-25
2022-04-04,SEO,2647.89,3309,106,5,1009.99,529.58,0.38,Norte,Profesionales 41-55
2022-04-04,Paid Search,4241.26,1696,75,2,465.97,2120.63,0.11,Norte,Mayores 55+
2022-04-04,Paid Search,4606.14,1842,65,3,695.79,1535.38,0.15,Occidente,Adultos 26-40
2022-04-04,Social,2745.81,2288,70,1,136.2,2745.81,0.05,Occidente,Mayores 55+
2022-04-04,Social,2745.88,2288,69,1,171.1,2745.88,0.06,Norte,Profesionales 41-55
2022-04-04,Email,1671.73,5572,900,57,11903.11,29.33,7.12,Occidente,Profesionales 41-55
2022-04-04,Display,3434.44,3816,34,1,106.18,3434.44,0.03,Centro,Profesionales 41-55
2022-04-11,SEO,2334.74,2918,106,5,920.08,466.95,0.39,Sur,Jovenes 18-25
2022-04-11,Paid Search,3874.11,1549,62,2,394.3,1937.05,0.1,Occidente,Mayores 55+
2022-04-11,Paid Search,4134.7,1653,56,1,211.59,4134.7,0.05,Sur,Profesionales 41-55
2022-04-11,Social,2937.73,2448,64,1,140.63,2937.73,0.05,Centro,Profesionales 41-55
2022-04-11,Social,2970.4,2475,62,1,127.24,2970.4,0.04,Sur,Profesionales 41-55
2022-04-11,Email,1328.8,4429,808,60,10488.72,22.15,7.89,Sur,Mayores 55+
2022-04-11,Display,3731.8,4146,34,1,124.65,3731.8,0.03,Norte,Adultos 26-40
2022-04-18,SEO,2347.18,2933,96,3,584.93,782.39,0.25,Sur,Profesionales 41-55
2022-04-18,Paid Search,3627.35,1450,50,1,259.08,3627.35,0.07,Occidente,Jovenes 18-25
2022-04-18,Paid Search,4669.63,1867,80,2,429.52,2334.81,0.09,Sur,Jovenes 18-25
2022-04-18,Social,2592.08,2160,69,1,123.92,2592.08,0.05,Occidente,Jovenes 18-25
2022-04-18,Social,2864.7,2387,71,1,168.67,2864.7,0.06,Centro,Jovenes 18-25
2022-04-18,Email,1722.26,5740,875,65,13552.85,26.5,7.87,Sur,Mayores 55+
2022-04-18,Display,3940.62,4378,34,1,143.52,3940.62,0.04,Centro,Jovenes 18-25
2022-04-25,SEO,2582.22,3227,123,7,1112.73,368.89,0.43,Sur,Profesionales 41-55
2022-04-25,Paid Search,4402.14,1760,63,1,182.61,4402.14,0.04,Norte,Mayores 55+
2022-04-25,Paid Search,4137.63,1655,72,2,392.74,2068.82,0.09,Centro,Mayores 55+
2022-04-25,Social,2439.79,2033,50,1,167.47,2439.79,0.07,Sur,Mayores 55+
2022-04-25,Social,2476.41,2063,51,1,135.94,2476.41,0.05,Sur,Jovenes 18-25
2022-04-25,Email,1301.84,4339,872,59,13330.41,22.07,10.24,Centro,Mayores 55+
2022-04-25,Display,3549.22,3943,33,1,141.25,3549.22,0.04,Occidente,Mayores 55+
2022-05-02,SEO,2185.33,2731,77,3,501.62,728.44,0.23,Centro,Jovenes 18-25
2022-05-02,Paid Search,3685.07,1474,73,3,679.85,1228.36,0.18,Norte,Profesionales 41-55
2022-05-02,Paid Search,4296.07,1718,79,2,443.34,2148.04,0.1,Occidente,Profesionales 41-55
2022-05-02,Social,2532.45,2110,61,1,149.5,2532.45,0.06,Norte,Mayores 55+
2022-05-02,Social,2672.29,2226,58,1,171.46,2672.29,0.06,Centro,Mayores 55+
2022-05-02,Email,1587.15,5290,871,71,15981.06,22.35,10.07,Norte,Mayores 55+
2022-05-02,Display,3505.67,3895,28,1,133.08,3505.67,0.04,Norte,Mayores 55+
2022-05-09,SEO,2434.94,3043,93,3,595.39,811.65,0.24,Occidente,Jovenes 18-25
2022-05-09,Paid Search,3826.48,1530,65,3,643.66,1275.49,0.17,Occidente,Jovenes 18-25
2022-05-09,Paid Search,3606.38,1442,63,2,476.92,1803.19,0.13,Centro,Jovenes 18-25
2022-05-09,Social,2843.89,2369,55,1,174.78,2843.89,0.06,Occidente,Jovenes 18-25
2022-05-09,Social,2924.08,2436,58,1,137.51,2924.08,0.05,Centro,Mayores 55+
2022-05-09,Email,1650.63,5502,1180,64,13062.48,25.79,7.91,Occidente,Adultos 26-40
2022-05-09,Display,4506.24,5006,40,1,137.47,4506.24,0.03,Centro,Mayores 55+
2022-05-16,SEO,2379.91,2974,116,4,576.74,594.98,0.24,Centro,Mayores 55+
2022-05-16,Paid Search,4660.23,1864,76,2,410.51,2330.11,0.09,Occidente,Mayores 55+
2022-05-16,Paid Search,4745.39,1898,91,4,788.06,1186.35,0.17,Occidente,Adultos 26-40
2022-05-16,Social,3099.05,2582,69,1,148.38,3099.05,0.05,Occidente,Mayores 55+
2022-05-16,Social,3210.27,2675,83,1,129.13,3210.27,0.04,Norte,Adultos 26-40
2022-05-16,Email,1501.03,5003,933,74,17015.21,20.28,11.34,Occidente,Jovenes 18-25
2022-05-16,Display,4031.14,4479,35,1,115.68,4031.14,0.03,Sur,Jovenes 18-25
2022-05-23,SEO,2477.12,3096,128,5,969.37,495.42,0.39,Norte,Profesionales 41-55
2022-05-23,Paid Search,4643.95,1857,89,3,611.6,1547.98,0.13,Occidente,Jovenes 18-25
2022-05-23,Paid Search,4348.0,1739,65,2,402.58,2174.0,0.09,Sur,Jovenes 18-25
2022-05-23,Social,2744.54,2287,53,1,172.35,2744.54,0.06,Occidente,Adultos 26-40
2022-05-23,Social,2962.96,2469,80,1,167.77,2962.96,0.06,Centro,Profesionales 41-55
2022-05-23,Email,1443.68,4812,743,49,10058.44,29.46,6.97,Sur,Adultos 26-40
2022-05-23,Display,3610.08,4011,33,1,128.79,3610.08,0.04,Occidente,Adultos 26-40
2022-05-30,SEO,2299.14,2873,106,4,768.05,574.79,0.33,Occidente,Profesionales 41-55
2022-05-30,Paid Search,4423.79,1769,64,2,412.82,2211.89,0.09,Centro,Mayores 55+
2022-05-30,Paid Search,4439.8,1775,73,2,527.89,2219.9,0.12,Occidente,Jovenes 18-25
2022-05-30,Social,2579.25,2149,61,1,179.56,2579.25,0.07,Centro,Jovenes 18-25
2022-05-30,Social,3201.47,2667,79,1,153.96,3201.47,0.05,Norte,Mayores 55+
2022-05-30,Email,1649.78,5499,1149,87,15521.62,18.96,9.41,Centro,Adultos 26-40
2022-05-30,Display,4163.94,4626,38,1,130.6,4163.94,0.03,Sur,Jovenes 18-25
2022-06-06,SEO,3082.81,3853,142,5,878.7,616.56,0.29,Centro,Adultos 26-40
2022-06-06,Paid Search,4051.92,1620,62,2,382.91,2025.96,0.09,Sur,Profesionales 41-55
2022-06-06,Paid Search,4662.76,1865,91,4,794.45,1165.69,0.17,Occidente,Profesionales 41-55
2022-06-06,Social,3307.82,2756,72,1,177.77,3307.82,0.05,Sur,Adultos 26-40
2022-06-06,Social,3412.77,2843,86,2,356.07,1706.38,0.1,Centro,Jovenes 18-25
2022-06-06,Email,1793.89,5979,866,57,11193.82,31.47,6.24,Centro,Mayores 55+
2022-06-06,Display,4825.59,5361,50,1,107.22,4825.59,0.02,Norte,Profesionales 41-55
2022-06-13,SEO,3092.59,3865,120,3,609.95,1030.86,0.2,Centro,Mayores 55+
2022-06-13,Paid Search,4088.71,1635,56,1,263.64,4088.71,0.06,Norte,Jovenes 18-25
2022-06-13,Paid Search,4252.43,1700,72,2,417.3,2126.22,0.1,Occidente,Adultos 26-40
2022-06-13,Social,3436.12,2863,85,2,313.88,1718.06,0.09,Centro,Jovenes 18-25
2022-06-13,Social,3255.82,2713,67,1,134.17,3255.82,0.04,Centro,Jovenes 18-25
2022-06-13,Email,1888.06,6293,1072,86,18196.41,21.95,9.64,Norte,Mayores 55+
2022-06-13,Display,4104.16,4560,43,1,135.56,4104.16,0.03,Norte,Adultos 26-40
2022-06-20,SEO,2866.91,3583,130,4,802.6,716.73,0.28,Sur,Adultos 26-40
2022-06-20,Paid Search,5017.75,2007,74,3,674.31,1672.58,0.13,Sur,Adultos 26-40
2022-06-20,Paid Search,4382.38,1752,63,2,352.5,2191.19,0.08,Sur,Adultos 26-40
2022-06-20,Social,3117.16,2597,81,1,171.99,3117.16,0.06,Sur,Jovenes 18-25
2022-06-20,Social,2949.02,2457,76,1,120.95,2949.02,0.04,Centro,Jovenes 18-25
2022-06-20,Email,1465.25,4884,851,42,6933.56,34.89,4.73,Occidente,Profesionales 41-55
2022-06-20,Display,4417.47,4908,33,1,141.38,4417.47,0.03,Norte,Profesionales 41-55
2022-06-27,SEO,2715.39,3394,140,4,713.95,678.85,0.26,Occidente,Mayores 55+
2022-06-27,Paid Search,4877.93,1951,81,3,547.4,1625.98,0.11,Norte,Profesionales 41-55
2022-06-27,Paid Search,4770.1,1908,66,2,463.42,2385.05,0.1,Centro,Mayores 55+
2022-06-27,Social,3537.04,2947,83,1,156.33,3537.04,0.04,Norte,Jovenes 18-25
2022-06-27,Social,3405.98,2838,84,2,326.5,1702.99,0.1,Sur,Mayores 55+
2022-06-27,Email,1626.02,5420,869,51,10010.28,31.88,6.16,Occidente,Jovenes 18-25
2022-06-27,Display,4152.56,4613,34,1,141.77,4152.56,0.03,Occidente,Jovenes 18-25
2022-07-04,SEO,2412.76,3015,88,3,592.83,804.25,0.25,Centro,Adultos 26-40
2022-07-04,Paid Search,4698.13,1879,81,3,615.03,1566.04,0.13,Norte,Mayores 55+
2022-07-04,Paid Search,4417.09,1766,79,3,757.18,1472.36,0.17,Norte,Profesionales 41-55
2022-07-04,Social,3172.78,2643,69,1,132.76,3172.78,0.04,Occidente,Adultos 26-40
2022-07-04,Social,3400.88,2834,74,1,126.89,3400.88,0.04,Centro,Adultos 26-40
2022-07-04,Email,1802.07,6006,1230,102,22998.36,17.67,12.76,Norte,Profesionales 41-55
2022-07-04,Display,3778.22,4198,30,1,140.23,3778.22,0.04,Centro,Jovenes 18-25
2022-07-11,SEO,2487.16,3108,93,4,596.04,621.79,0.24,Norte,Jovenes 18-25
2022-07-11,Paid Search,4961.11,1984,73,2,412.0,2480.56,0.08,Centro,Profesionales 41-55
2022-07-11,Paid Search,4927.13,1970,91,3,550.43,1642.38,0.11,Norte,Adultos 26-40
2022-07-11,Social,2763.45,2302,67,1,136.33,2763.45,0.05,Occidente,Mayores 55+
2022-07-11,Social,3178.94,2649,71,1,150.74,3178.94,0.05,Centro,Mayores 55+
2022-07-11,Email,1457.39,4857,936,64,12937.9,22.77,8.88,Centro,Jovenes 18-25
2022-07-11,Display,4031.08,4478,42,1,105.81,4031.08,0.03,Sur,Adultos 26-40
2022-07-18,SEO,2967.93,3709,118,4,719.25,741.98,0.24,Occidente,Adultos 26-40
2022-07-18,Paid Search,4106.05,1642,69,2,450.34,2053.03,0.11,Centro,Jovenes 18-25
2022-07-18,Paid Search,4477.34,1790,82,2,432.92,2238.67,0.1,Norte,Profesionales 41-55
2022-07-18,Social,3150.0,2625,75,1,145.06,3150.0,0.05,Norte,Mayores 55+
2022-07-18,Social,2637.27,2197,57,1,157.09,2637.27,0.06,Centro,Jovenes 18-25
2022-07-18,Email,1618.67,5395,818,51,9793.84,31.74,6.05,Norte,Mayores 55+
2022-07-18,Display,4889.09,5432,47,1,133.4,4889.09,0.03,Norte,Jovenes 18-25
2022-07-25,SEO,2775.25,3469,106,5,846.4,555.05,0.3,Sur,Adultos 26-40
2022-07-25,Paid Search,4069.49,1627,61,1,189.45,4069.49,0.05,Norte,Adultos 26-40
2022-07-25,Paid Search,5245.49,2098,92,3,676.83,1748.5,0.13,Occidente,Profesionales 41-55
2022-07-25,Social,3416.56,2847,83,1,124.1,3416.56,0.04,Occidente,Profesionales 41-55
2022-07-25,Social,3353.81,2794,81,1,124.45,3353.81,0.04,Occidente,Mayores 55+
2022-07-25,Email,1421.12,4737,807,45,9520.8,31.58,6.7,Norte,Mayores 55+
2022-07-25,Display,4350.78,4834,39,1,139.0,4350.78,0.03,Occidente,Adultos 26-40
2022-08-01,SEO,2602.76,3253,112,3,445.36,867.59,0.17,Norte,Profesionales 41-55
2022-08-01,Paid Search,5288.59,2115,74,3,538.33,1762.86,0.1,Occidente,Mayores 55+
2022-08-01,Paid Search,4653.36,1861,81,2,513.56,2326.68,0.11,Occidente,Mayores 55+
2022-08-01,Social,3333.61,2778,83,1,157.85,3333.61,0.05,Centro,Jovenes 18-25
2022-08-01,Social,2922.63,2435,69,1,135.12,2922.63,0.05,Sur,Profesionales 41-55
2022-08-01,Email,1442.84,4809,922,74,13676.57,19.5,9.48,Occidente,Adultos 26-40
2022-08-01,Display,4525.45,5028,47,1,114.08,4525.45,0.03,Centro,Adultos 26-40
2022-08-08,SEO,2890.35,3612,143,7,1353.45,412.91,0.47,Norte,Mayores 55+
2022-08-08,Paid Search,4631.77,1852,62,2,519.41,2315.88,0.11,Centro,Mayores 55+
2022-08-08,Paid Search,4193.12,1677,84,2,404.06,2096.56,0.1,Norte,Jovenes 18-25
2022-08-08,Social,3229.62,2691,86,2,311.67,1614.81,0.1,Sur,Adultos 26-40
2022-08-08,Social,2785.1,2320,69,1,174.16,2785.1,0.06,Occidente,Jovenes 18-25
2022-08-08,Email,1605.88,5352,1031,56,10950.01,28.68,6.82,Centro,Mayores 55+
2022-08-08,Display,4048.88,4498,32,1,133.65,4048.88,0.03,Sur,Profesionales 41-55
2022-08-15,SEO,2897.1,3621,130,5,997.0,579.42,0.34,Occidente,Mayores 55+
2022-08-15,Paid Search,5266.25,2106,99,4,752.72,1316.56,0.14,Centro,Jovenes 18-25
2022-08-15,Paid Search,4815.67,1926,92,3,555.08,1605.22,0.12,Norte,Profesionales 41-55
2022-08-15,Social,2695.5,2246,54,1,150.8,2695.5,0.06,Occidente,Jovenes 18-25
2022-08-15,Social,3492.49,2910,72,1,140.98,3492.49,0.04,Norte,Mayores 55+
2022-08-15,Email,1428.86,4762,857,46,11019.85,31.06,7.71,Centro,Adultos 26-40
2022-08-15,Display,3777.21,4196,39,1,127.2,3777.21,0.03,Sur,Adultos 26-40
2022-08-22,SEO,2369.1,2961,120,5,1019.2,473.82,0.43,Occidente,Mayores 55+
2022-08-22,Paid Search,4779.87,1911,93,2,389.96,2389.94,0.08,Sur,Mayores 55+
2022-08-22,Paid Search,4081.1,1632,62,2,360.4,2040.55,0.09,Occidente,Mayores 55+
2022-08-22,Social,2676.03,2230,70,1,152.16,2676.03,0.06,Sur,Adultos 26-40
2022-08-22,Social,2887.14,2405,53,1,154.24,2887.14,0.05,Sur,Jovenes 18-25
2022-08-22,Email,1661.62,5538,941,77,15671.54,21.58,9.43,Norte,Mayores 55+
2022-08-22,Display,4892.8,5436,35,1,113.92,4892.8,0.02,Norte,Profesionales 41-55
2022-08-29,SEO,2988.03,3735,122,6,1135.41,498.0,0.38,Centro,Adultos 26-40
2022-08-29,Paid Search,3988.45,1595,68,3,574.22,1329.48,0.14,Occidente,Mayores 55+
2022-08-29,Paid Search,4802.59,1921,90,2,488.61,2401.29,0.1,Occidente,Jovenes 18-25
2022-08-29,Social,2889.14,2407,55,1,122.51,2889.14,0.04,Centro,Mayores 55+
2022-08-29,Social,3531.95,2943,83,1,165.2,3531.95,0.05,Sur,Profesionales 41-55
2022-08-29,Email,1579.2,5264,1053,83,15483.98,19.03,9.8,Norte,Profesionales 41-55
2022-08-29,Display,4316.78,4796,36,1,141.91,4316.78,0.03,Centro,Adultos 26-40
2022-09-05,SEO,2497.15,3121,109,6,1088.33,416.19,0.44,Norte,Mayores 55+
2022-09-05,Paid Search,3669.45,1467,64,2,448.0,1834.72,0.12,Centro,Jovenes 18-25
2022-09-05,Paid Search,3670.89,1468,65,2,458.06,1835.44,0.12,Occidente,Adultos 26-40
2022-09-05,Social,2959.4,2466,64,1,172.2,2959.4,0.06,Centro,Mayores 55+
2022-09-05,Social,2610.63,2175,72,2,249.0,1305.31,0.1,Occidente,Profesionales 41-55
2022-09-05,Email,1505.89,5019,993,51,8287.05,29.53,5.5,Occidente,Jovenes 18-25
2022-09-05,Display,3551.48,3946,28,1,113.38,3551.48,0.03,Norte,Adultos 26-40
2022-09-12,SEO,2634.3,3292,135,5,994.71,526.86,0.38,Sur,Profesionales 41-55
2022-09-12,Paid Search,4071.52,1628,72,2,371.97,2035.76,0.09,Sur,Mayores 55+
2022-09-12,Paid Search,4222.36,1688,82,2,488.39,2111.18,0.12,Occidente,Adultos 26-40
2022-09-12,Social,3216.95,2680,68,1,149.47,3216.95,0.05,Norte,Adultos 26-40
2022-09-12,Social,3096.37,2580,70,1,146.71,3096.37,0.05,Norte,Profesionales 41-55
2022-09-12,Email,1575.53,5251,1024,68,12459.57,23.17,7.91,Centro,Adultos 26-40
2022-09-12,Display,4254.17,4726,44,1,134.1,4254.17,0.03,Sur,Jovenes 18-25
2022-09-19,SEO,2863.85,3579,139,5,897.85,572.77,0.31,Centro,Profesionales 41-55
2022-09-19,Paid Search,4158.93,1663,83,2,507.63,2079.47,0.12,Norte,Profesionales 41-55
2022-09-19,Paid Search,4071.68,1628,74,2,424.3,2035.84,0.1,Occidente,Jovenes 18-25
2022-09-19,Social,2485.27,2071,53,1,147.95,2485.27,0.06,Centro,Adultos 26-40
2022-09-19,Social,3117.49,2597,80,1,130.92,3117.49,0.04,Sur,Mayores 55+
2022-09-19,Email,1501.29,5004,1033,80,16115.85,18.77,10.73,Centro,Adultos 26-40
2022-09-19,Display,3594.36,3993,37,1,141.48,3594.36,0.04,Centro,Jovenes 18-25
2022-09-26,SEO,2312.95,2891,106,4,612.05,578.24,0.26,Centro,Jovenes 18-25
2022-09-26,Paid Search,4203.24,1681,61,2,379.14,2101.62,0.09,Centro,Jovenes 18-25
2022-09-26,Paid Search,4609.8,1843,62,1,232.45,4609.8,0.05,Centro,Adultos 26-40
2022-09-26,Social,3024.25,2520,68,1,149.88,3024.25,0.05,Centro,Profesionales 41-55
2022-09-26,Social,2785.67,2321,72,1,137.85,2785.67,0.05,Norte,Jovenes 18-25
2022-09-26,Email,1346.14,4487,780,49,9173.55,27.47,6.81,Sur,Profesionales 41-55
2022-09-26,Display,4433.78,4926,36,1,112.58,4433.78,0.03,Occidente,Adultos 26-40
2022-10-03,SEO,2695.5,3369,118,4,645.62,673.87,0.24,Norte,Profesionales 41-55
2022-10-03,Paid Search,4136.49,1654,59,1,259.19,4136.49,0.06,Occidente,Adultos 26-40
2022-10-03,Paid Search,4782.98,1913,93,4,1032.68,1195.75,0.22,Centro,Adultos 26-40
2022-10-03,Social,3021.02,2517,70,1,149.93,3021.02,0.05,Centro,Mayores 55+
2022-10-03,Social,2399.47,1999,65,1,178.0,2399.47,0.07,Sur,Profesionales 41-55
2022-10-03,Email,1296.9,4322,709,48,10916.54,27.02,8.42,Occidente,Profesionales 41-55
2022-10-03,Display,4044.03,4493,40,1,138.36,4044.03,0.03,Centro,Mayores 55+
2022-10-10,SEO,2399.45,2999,100,4,632.06,599.86,0.26,Centro,Jovenes 18-25
2022-10-10,Paid Search,4056.8,1622,66,2,497.25,2028.4,0.12,Norte,Adultos 26-40
2022-10-10,Paid Search,4798.6,1919,77,3,617.52,1599.53,0.13,Centro,Adultos 26-40
2022-10-10,Social,2547.21,2122,59,1,122.72,2547.21,0.05,Sur,Profesionales 41-55
2022-10-10,Social,3055.33,2546,71,1,173.59,3055.33,0.06,Sur,Profesionales 41-55
2022-10-10,Email,1694.12,5647,942,57,11931.24,29.72,7.04,Centro,Profesionales 41-55
2022-10-10,Display,4008.78,4454,35,1,123.02,4008.78,0.03,Occidente,Jovenes 18-25
2022-10-17,SEO,2401.27,3001,112,6,1116.16,400.21,0.46,Norte,Mayores 55+
2022-10-17,Paid Search,3904.57,1561,69,3,680.72,1301.52,0.17,Sur,Jovenes 18-25
2022-10-17,Paid Search,4305.24,1722,62,2,461.07,2152.62,0.11,Occidente,Adultos 26-40
2022-10-17,Social,3070.2,2558,64,1,162.03,3070.2,0.05,Sur,Jovenes 18-25
2022-10-17,Social,2750.47,2292,62,1,132.23,2750.47,0.05,Occidente,Jovenes 18-25
2022-10-17,Email,1592.6,5308,962,64,15350.39,24.88,9.64,Occidente,Mayores 55+
2022-10-17,Display,3776.5,4196,29,1,112.43,3776.5,0.03,Centro,Profesionales 41-55
2022-10-24,SEO,2582.56,3228,99,3,552.55,860.85,0.21,Sur,Profesionales 41-55
2022-10-24,Paid Search,4541.68,1816,82,3,657.1,1513.89,0.14,Occidente,Profesionales 41-55
2022-10-24,Paid Search,4276.21,1710,84,3,603.98,1425.4,0.14,Occidente,Mayores 55+
2022-10-24,Social,3067.44,2556,84,2,274.85,1533.72,0.09,Centro,Jovenes 18-25
2022-10-24,Social,2670.95,2225,60,1,148.74,2670.95,0.06,Sur,Profesionales 41-55
2022-10-24,Email,1694.86,5649,1096,55,11508.98,30.82,6.79,Sur,Adultos 26-40
2022-10-24,Display,3460.92,3845,35,1,107.18,3460.92,0.03,Norte,Mayores 55+
2022-10-31,SEO,2372.72,2965,102,5,769.49,474.54,0.32,Sur,Mayores 55+
2022-10-31,Paid Search,4392.64,1757,85,3,699.74,1464.21,0.16,Centro,Profesionales 41-55
2022-10-31,Paid Search,3929.62,1571,54,2,466.8,1964.81,0.12,Sur,Jovenes 18-25
2022-10-31,Social,3147.11,2622,63,1,130.55,3147.11,0.04,Norte,Mayores 55+
2022-10-31,Social,3041.89,2534,62,1,172.34,3041.89,0.06,Centro,Jovenes 18-25
2022-10-31,Email,1279.17,4263,788,39,9306.94,32.8,7.28,Centro,Mayores 55+
2022-10-31,Display,4586.92,5096,41,1,141.05,4586.92,0.03,Occidente,Profesionales 41-55
2022-11-07,SEO,3063.97,3829,113,4,708.17,765.99,0.23,Centro,Adultos 26-40
2022-11-07,Paid Search,4843.46,1937,76,2,470.69,2421.73,0.1,Sur,Adultos 26-40
2022-11-07,Paid Search,5858.73,2343,103,3,640.91,1952.91,0.11,Centro,Jovenes 18-25
2022-11-07,Social,3667.54,3056,71,2,297.29,1833.77,0.08,Sur,Jovenes 18-25
2022-11-07,Social,3508.73,2923,73,1,177.24,3508.73,0.05,Centro,Jovenes 18-25
2022-11-07,Email,1880.14,6267,1064,58,12378.53,32.42,6.58,Occidente,Profesionales 41-55
2022-11-07,Display,4848.74,5387,46,1,138.61,4848.74,0.03,Centro,Jovenes 18-25
2022-11-14,SEO,3515.45,4394,180,7,1119.31,502.21,0.32,Sur,Mayores 55+
2022-11-14,Paid Search,5080.07,2032,93,3,637.78,1693.36,0.13,Occidente,Adultos 26-40
2022-11-14,Paid Search,6115.42,2446,110,4,981.15,1528.86,0.16,Occidente,Profesionales 41-55
2022-11-14,Social,3301.57,2751,79,1,152.86,3301.57,0.05,Sur,Adultos 26-40
2022-11-14,Social,3399.59,2832,90,1,160.82,3399.59,0.05,Occidente,Jovenes 18-25
2022-11-14,Email,2267.33,7557,1330,63,10745.0,35.99,4.74,Occidente,Mayores 55+
2022-11-14,Display,5503.54,6115,50,1,110.79,5503.54,0.02,Norte,Mayores 55+
2022-11-21,SEO,3126.39,3907,109,4,597.03,781.6,0.19,Occidente,Profesionales 41-55
2022-11-21,Paid Search,6010.85,2404,102,2,509.38,3005.43,0.08,Occidente,Jovenes 18-25
2022-11-21,Paid Search,5307.84,2123,77,2,464.91,2653.92,0.09,Occidente,Profesionales 41-55
2022-11-21,Social,4338.9,3615,96,2,348.81,2169.45,0.08,Occidente,Jovenes 18-25
2022-11-21,Social,3987.22,3322,99,2,318.42,1993.61,0.08,Centro,Jovenes 18-25
2022-11-21,Email,1829.67,6098,1113,73,15930.69,25.06,8.71,Sur,Jovenes 18-25
2022-11-21,Display,5815.01,6461,61,1,130.52,5815.01,0.02,Occidente,Mayores 55+
2022-11-28,SEO,3702.4,4628,145,5,819.23,740.48,0.22,Norte,Jovenes 18-25
2022-11-28,Paid Search,6196.42,2478,100,4,1015.08,1549.11,0.16,Norte,Adultos 26-40
2022-11-28,Paid Search,5170.04,2068,72,1,228.61,5170.04,0.04,Norte,Adultos 26-40
2022-11-28,Social,4052.77,3377,90,1,133.04,4052.77,0.03,Norte,Adultos 26-40
2022-11-28,Social,3784.42,3153,80,2,327.78,1892.21,0.09,Centro,Profesionales 41-55
2022-11-28,Email,1865.17,6217,1287,108,21783.61,17.27,11.68,Occidente,Profesionales 41-55
2022-11-28,Display,5035.75,5595,45,1,131.29,5035.75,0.03,Sur,Mayores 55+
2022-12-05,SEO,3431.55,4289,122,4,761.28,857.89,0.22,Occidente,Profesionales 41-55
2022-12-05,Paid Search,6003.92,2401,97,3,576.54,2001.31,0.1,Occidente,Adultos 26-40
2022-12-05,Paid Search,6264.23,2505,96,4,987.63,1566.06,0.16,Norte,Mayores 55+
2022-12-05,Social,4310.47,3592,102,1,134.57,4310.47,0.03,Sur,Profesionales 41-55
2022-12-05,Social,3946.36,3288,107,2,251.1,1973.18,0.06,Sur,Jovenes 18-25
2022-12-05,Email,1884.34,6281,1209,83,19080.84,22.7,10.13,Sur,Adultos 26-40
2022-12-05,Display,5366.62,5962,54,1,141.94,5366.62,0.03,Norte,Adultos 26-40
2022-12-12,SEO,3817.62,4772,197,6,1295.82,636.27,0.34,Occidente,Adultos 26-40
2022-12-12,Paid Search,6002.76,2401,109,3,591.18,2000.92,0.1,Centro,Profesionales 41-55
2022-12-12,Paid Search,5467.01,2186,93,3,597.05,1822.34,0.11,Occidente,Mayores 55+
2022-12-12,Social,3324.82,2770,92,1,170.38,3324.82,0.05,Sur,Profesionales 41-55
2022-12-12,Social,3567.85,2973,68,1,164.48,3567.85,0.05,Norte,Profesionales 41-55
2022-12-12,Email,2057.39,6857,1275,93,17076.23,22.12,8.3,Sur,Profesionales 41-55
2022-12-12,Display,4962.63,5514,45,1,122.43,4962.63,0.02,Centro,Profesionales 41-55
2022-12-19,SEO,3641.65,4552,158,8,1578.01,455.21,0.43,Occidente,Adultos 26-40
2022-12-19,Paid Search,6065.95,2426,95,2,448.19,3032.97,0.07,Sur,Jovenes 18-25
2022-12-19,Paid Search,5710.73,2284,108,3,743.95,1903.58,0.13,Norte,Jovenes 18-25
2022-12-19,Social,3680.65,3067,97,1,162.43,3680.65,0.04,Norte,Adultos 26-40
2022-12-19,Social,3786.5,3155,83,1,160.01,3786.5,0.04,Occidente,Mayores 55+
2022-12-19,Email,1730.81,5769,1051,64,10325.64,27.04,5.97,Centro,Profesionales 41-55
2022-12-19,Display,4617.77,5130,46,1,134.7,4617.77,0.03,Sur,Jovenes 18-25
2022-12-26,SEO,3798.27,4747,167,6,1131.75,633.05,0.3,Centro,Profesionales 41-55
2022-12-26,Paid Search,5274.22,2109,84,2,423.46,2637.11,0.08,Sur,Adultos 26-40
2022-12-26,Paid Search,5329.76,2131,101,2,526.53,2664.88,0.1,Norte,Jovenes 18-25
2022-12-26,Social,3672.59,3060,81,1,158.2,3672.59,0.04,Sur,Jovenes 18-25
2022-12-26,Social,3779.84,3149,85,2,307.9,1889.92,0.08,Norte,Jovenes 18-25
2022-12-26,Email,1860.83,6202,1295,93,19096.87,20.01,10.26,Centro,Jovenes 18-25
2022-12-26,Display,6087.14,6763,58,1,122.07,6087.14,0.02,Norte,Adultos 26-40
2023-01-02,SEO,2257.26,2821,91,5,931.33,451.45,0.41,Occidente,Jovenes 18-25
2023-01-02,Paid Search,3157.67,1263,54,2,501.5,1578.84,0.16,Centro,Mayores 55+
2023-01-02,Paid Search,3617.65,1447,52,2,479.45,1808.83,0.13,Centro,Jovenes 18-25
2023-01-02,Social,1969.64,1641,41,1,156.31,1969.64,0.08,Occidente,Profesionales 41-55
2023-01-02,Social,1923.91,1603,40,1,149.44,1923.91,0.08,Centro,Mayores 55+
2023-01-02,Email,1175.47,3918,755,53,8843.34,22.18,7.52,Centro,Adultos 26-40
2023-01-02,Display,3404.58,3782,25,1,130.16,3404.58,0.04,Sur,Mayores 55+
2023-01-09,SEO,1890.01,2362,69,2,332.39,945.0,0.18,Centro,Profesionales 41-55
2023-01-09,Paid Search,2959.05,1183,41,1,225.01,2959.05,0.08,Occidente,Jovenes 18-25
2023-01-09,Paid Search,2882.47,1152,45,1,228.63,2882.47,0.08,Centro,Mayores 55+
2023-01-09,Social,1912.29,1593,43,1,163.49,1912.29,0.09,Sur,Adultos 26-40
2023-01-09,Social,2364.53,1970,47,1,136.1,2364.53,0.06,Sur,Jovenes 18-25
2023-01-09,Email,1080.19,3600,589,33,7346.24,32.73,6.8,Centro,Profesionales 41-55
2023-01-09,Display,3626.45,4029,35,1,125.6,3626.45,0.03,Occidente,Jovenes 18-25
2023-01-16,SEO,1781.29,2226,62,2,409.19,890.65,0.23,Occidente,Profesionales 41-55
2023-01-16,Paid Search,3299.74,1319,53,2,466.58,1649.87,0.14,Sur,Profesionales 41-55
2023-01-16,Paid Search,3179.23,1271,62,1,203.65,3179.23,0.06,Occidente,Profesionales 41-55
2023-01-16,Social,2099.85,1749,52,1,154.55,2099.85,0.07,Sur,Profesionales 41-55
2023-01-16,Social,2156.71,1797,56,1,126.83,2156.71,0.06,Sur,Adultos 26-40
2023-01-16,Email,1265.42,4218,774,63,12406.58,20.09,9.8,Sur,Mayores 55+
2023-01-16,Display,3485.78,3873,35,1,136.69,3485.78,0.04,Occidente,Mayores 55+
2023-01-23,SEO,1783.51,2229,71,2,310.2,891.75,0.17,Occidente,Mayores 55+
2023-01-23,Paid Search,2930.56,1172,58,2,422.54,1465.28,0.14,Occidente,Jovenes 18-25
2023-01-23,Paid Search,3653.05,1461,57,2,446.5,1826.52,0.12,Norte,Jovenes 18-25
2023-01-23,Social,2420.74,2017,60,1,158.82,2420.74,0.07,Norte,Mayores 55+
2023-01-23,Social,2553.7,2128,55,1,126.36,2553.7,0.05,Norte,Profesionales 41-55
2023-01-23,Email,1099.92,3666,725,48,10320.63,22.92,9.38,Sur,Mayores 55+
2023-01-23,Display,3079.15,3421,26,1,129.14,3079.15,0.04,Sur,Profesionales 41-55
2023-01-30,SEO,2298.62,2873,99,3,630.84,766.21,0.27,Norte,Jovenes 18-25
2023-01-30,Paid Search,3693.97,1477,67,2,412.38,1846.98,0.11,Sur,Mayores 55+
2023-01-30,Paid Search,3207.09,1282,45,1,215.82,3207.09,0.07,Norte,Profesionales 41-55
2023-01-30,Social,1934.03,1611,48,1,140.58,1934.03,0.07,Norte,Adultos 26-40
2023-01-30,Social,2528.91,2107,64,1,153.11,2528.91,0.06,Centro,Mayores 55+
2023-01-30,Email,1365.05,4550,731,44,7689.27,31.02,5.63,Occidente,Mayores 55+
2023-01-30,Display,2748.02,3053,25,1,124.43,2748.02,0.05,Occidente,Jovenes 18-25
2023-02-06,SEO,2122.84,2653,81,4,808.91,530.71,0.38,Norte,Jovenes 18-25
2023-02-06,Paid Search,3661.9,1464,62,2,386.69,1830.95,0.11,Norte,Profesionales 41-55
2023-02-06,Paid Search,3532.07,1412,59,2,407.16,1766.03,0.12,Occidente,Mayores 55+
2023-02-06,Social,2298.47,1915,50,1,157.04,2298.47,0.07,Centro,Jovenes 18-25
2023-02-06,Social,2355.66,1963,50,1,127.02,2355.66,0.05,Centro,Adultos 26-40
2023-02-06,Email,1203.9,4012,698,35,6674.39,34.4,5.54,Sur,Mayores 55+
2023-02-06,Display,3330.08,3700,31,1,144.0,3330.08,0.04,Sur,Mayores 55+
2023-02-13,SEO,1873.3,2341,71,3,565.79,624.43,0.3,Centro,Jovenes 18-25
2023-02-13,Paid Search,3344.49,1337,49,1,225.42,3344.49,0.07,Occidente,Mayores 55+
2023-02-13,Paid Search,3546.17,1418,57,2,438.01,1773.09,0.12,Norte,Jovenes 18-25
2023-02-13,Social,2438.83,2032,50,1,133.49,2438.83,0.05,Centro,Adultos 26-40
2023-02-13,Social,2428.66,2023,58,1,149.72,2428.66,0.06,Norte,Jovenes 18-25
2023-02-13,Email,1116.44,3721,681,57,11591.72,19.59,10.38,Norte,Mayores 55+
2023-02-13,Display,3244.5,3604,34,1,135.84,3244.5,0.04,Sur,Profesionales 41-55
2023-02-20,SEO,2224.89,2781,79,3,618.24,741.63,0.28,Norte,Mayores 55+
2023-02-20,Paid Search,3728.21,1491,53,2,388.94,1864.11,0.1,Centro,Mayores 55+
2023-02-20,Paid Search,3023.31,1209,43,1,194.21,3023.31,0.06,Norte,Profesionales 41-55
2023-02-20,Social,2261.69,1884,54,1,178.74,2261.69,0.08,Centro,Profesionales 41-55
2023-02-20,Social,2288.88,1907,63,1,174.01,2288.88,0.08,Norte,Adultos 26-40
2023-02-20,Email,1366.6,4555,913,74,17715.52,18.47,12.96,Sur,Adultos 26-40
2023-02-20,Display,2959.69,3288,28,1,132.55,2959.69,0.04,Occidente,Mayores 55+
2023-02-27,SEO,1785.3,2231,82,3,513.04,595.1,0.29,Norte,Jovenes 18-25
2023-02-27,Paid Search,3262.07,1304,60,2,506.41,1631.04,0.16,Occidente,Mayores 55+
2023-02-27,Paid Search,3185.91,1274,42,1,240.48,3185.91,0.08,Occidente,Profesionales 41-55
2023-02-27,Social,2475.27,2062,64,1,178.09,2475.27,0.07,Sur,Mayores 55+
2023-02-27,Social,2084.46,1737,55,1,154.68,2084.46,0.07,Occidente,Profesionales 41-55
2023-02-27,Email,1341.9,4472,889,42,8823.96,31.95,6.58,Occidente,Jovenes 18-25
2023-02-27,Display,2839.27,3154,28,1,96.03,2839.27,0.03,Occidente,Adultos 26-40
2023-03-06,SEO,2871.77,3589,146,8,1325.87,358.97,0.46,Centro,Jovenes 18-25
2023-03-06,Paid Search,4394.78,1757,66,2,511.07,2197.39,0.12,Sur,Jovenes 18-25
2023-03-06,Paid Search,4069.39,1627,63,2,393.21,2034.7,0.1,Norte,Jovenes 18-25
2023-03-06,Social,2380.91,1984,55,1,133.57,2380.91,0.06,Occidente,Jovenes 18-25
2023-03-06,Social,2386.77,1988,52,1,171.62,2386.77,0.07,Sur,Mayores 55+
2023-03-06,Email,1306.87,4356,747,55,9250.68,23.76,7.08,Centro,Profesionales 41-55
2023-03-06,Display,4457.19,4952,33,1,132.15,4457.19,0.03,Sur,Adultos 26-40
2023-03-13,SEO,2176.31,2720,97,4,623.27,544.08,0.29,Centro,Adultos 26-40
2023-03-13,Paid Search,4361.38,1744,63,2,472.84,2180.69,0.11,Sur,Jovenes 18-25
2023-03-13,Paid Search,4699.71,1879,67,1,240.24,4699.71,0.05,Centro,Mayores 55+
2023-03-13,Social,2644.18,2203,52,1,125.05,2644.18,0.05,Centro,Jovenes 18-25
2023-03-13,Social,3092.23,2576,76,1,151.06,3092.23,0.05,Sur,Mayores 55+
2023-03-13,Email,1407.99,4693,694,55,13000.55,25.6,9.23,Occidente,Mayores 55+
2023-03-13,Display,3535.29,3928,31,1,121.36,3535.29,0.03,Norte,Profesionales 41-55
2023-03-20,SEO,2825.44,3531,105,5,924.62,565.09,0.33,Centro,Adultos 26-40
2023-03-20,Paid Search,4531.03,1812,89,3,532.41,1510.34,0.12,Norte,Jovenes 18-25
2023-03-20,Paid Search,3900.35,1560,53,1,245.46,3900.35,0.06,Centro,Mayores 55+
2023-03-20,Social,2735.8,2279,61,1,152.26,2735.8,0.06,Sur,Profesionales 41-55
2023-03-20,Social,2450.22,2041,47,1,178.46,2450.22,0.07,Sur,Profesionales 41-55
2023-03-20,Email,1450.83,4836,917,71,15228.4,20.43,10.5,Norte,Profesionales 41-55
2023-03-20,Display,4238.41,4709,41,1,98.78,4238.41,0.02,Norte,Mayores 55+
2023-03-27,SEO,2211.99,2764,101,3,575.87,737.33,0.26,Sur,Jovenes 18-25
2023-03-27,Paid Search,3585.96,1434,51,1,219.68,3585.96,0.06,Centro,Profesionales 41-55
2023-03-27,Paid Search,3780.37,1512,54,2,399.3,1890.19,0.11,Norte,Jovenes 18-25
2023-03-27,Social,2661.41,2217,60,1,135.78,2661.41,0.05,Norte,Mayores 55+
2023-03-27,Social,2762.37,2301,60,1,154.01,2762.37,0.06,Centro,Adultos 26-40
2023-03-27,Email,1389.8,4632,701,47,10237.65,29.57,7.37,Sur,Jovenes 18-25
2023-03-27,Display,3452.85,3836,35,1,118.64,3452.85,0.03,Occidente,Adultos 26-40
2023-04-03,SEO,2259.22,2824,117,3,605.47,753.07,0.27,Occidente,Adultos 26-40
2023-04-03,Paid Search,3975.47,1590,64,2,399.74,1987.74,0.1,Norte,Profesionales 41-55
2023-04-03,Paid Search,3720.45,1488,66,1,195.64,3720.45,0.05,Norte,Mayores 55+
2023-04-03,Social,2437.9,2031,56,1,170.69,2437.9,0.07,Centro,Jovenes 18-25
2023-04-03,Social,2844.6,2370,53,1,153.83,2844.6,0.05,Centro,Adultos 26-40
2023-04-03,Email,1483.77,4945,922,59,13086.73,25.15,8.82,Sur,Adultos 26-40
2023-04-03,Display,3580.68,3978,37,1,121.99,3580.68,0.03,Norte,Profesionales 41-55
2023-04-10,SEO,2126.1,2657,98,5,981.8,425.22,0.46,Norte,Adultos 26-40
2023-04-10,Paid Search,4237.57,1695,63,2,362.54,2118.78,0.09,Sur,Profesionales 41-55
2023-04-10,Paid Search,3687.21,1474,72,3,665.22,1229.07,0.18,Centro,Mayores 55+
2023-04-10,Social,3198.63,2665,62,1,128.01,3198.63,0.04,Occidente,Jovenes 18-25
2023-04-10,Social,2877.19,2397,55,1,127.84,2877.19,0.04,Centro,Profesionales 41-55
2023-04-10,Email,1657.91,5526,1164,70,15858.64,23.68,9.57,Centro,Profesionales 41-55
2023-04-10,Display,3943.31,4381,31,1,102.53,3943.31,0.03,Norte,Adultos 26-40
2023-04-17,SEO,2204.24,2755,94,3,458.08,734.75,0.21,Centro,Adultos 26-40
2023-04-17,Paid Search,4139.42,1655,68,3,551.87,1379.81,0.13,Centro,Jovenes 18-25
2023-04-17,Paid Search,3840.93,1536,73,2,477.16,1920.46,0.12,Centro,Mayores 55+
2023-04-17,Social,2811.31,2342,70,1,179.44,2811.31,0.06,Norte,Mayores 55+
2023-04-17,Social,3097.87,2581,73,1,125.68,3097.87,0.04,Norte,Adultos 26-40
2023-04-17,Email,1329.65,4432,657,49,8711.37,27.14,6.55,Sur,Mayores 55+
2023-04-17,Display,3846.69,4274,35,1,123.95,3846.69,0.03,Centro,Jovenes 18-25
2023-04-24,SEO,2141.35,2676,77,4,703.71,535.34,0.33,Sur,Jovenes 18-25
2023-04-24,Paid Search,4710.4,1884,89,3,539.27,1570.13,0.11,Occidente,Jovenes 18-25
2023-04-24,Paid Search,3781.67,1512,65,2,421.52,1890.83,0.11,Norte,Mayores 55+
2023-04-24,Social,2953.9,2461,59,1,131.23,2953.9,0.04,Centro,Mayores 55+
2023-04-24,Social,3122.08,2601,59,1,134.75,3122.08,0.04,Centro,Mayores 55+
2023-04-24,Email,1460.4,4867,893,42,7660.05,34.77,5.25,Sur,Mayores 55+
2023-04-24,Display,3639.35,4043,37,1,126.28,3639.35,0.03,Norte,Mayores 55+
2023-05-01,SEO,2711.44,3389,111,5,894.48,542.29,0.33,Centro,Mayores 55+
2023-05-01,Paid Search,3910.75,1564,53,2,357.16,1955.37,0.09,Centro,Jovenes 18-25
2023-05-01,Paid Search,4588.9,1835,76,2,454.78,2294.45,0.1,Sur,Adultos 26-40
2023-05-01,Social,2464.11,2053,61,1,168.98,2464.11,0.07,Norte,Adultos 26-40
2023-05-01,Social,2863.58,2386,79,1,176.11,2863.58,0.06,Sur,Adultos 26-40
2023-05-01,Email,1381.45,4604,768,57,10756.05,24.24,7.79,Norte,Profesionales 41-55
2023-05-01,Display,4537.07,5041,41,1,105.04,4537.07,0.02,Occidente,Profesionales 41-55
2023-05-08,SEO,2256.67,2820,80,2,374.64,1128.33,0.17,Norte,Mayores 55+
2023-05-08,Paid Search,3570.86,1428,70,2,374.97,1785.43,0.11,Sur,Profesionales 41-55
2023-05-08,Paid Search,3645.04,1458,52,2,376.93,1822.52,0.1,Norte,Profesionales 41-55
2023-05-08,Social,3186.87,2655,70,1,143.74,3186.87,0.05,Norte,Profesionales 41-55
2023-05-08,Social,2633.48,2194,52,1,176.92,2633.48,0.07,Occidente,Profesionales 41-55
2023-05-08,Email,1353.39,4511,964,69,16167.23,19.61,11.95,Centro,Adultos 26-40
2023-05-08,Display,4198.64,4665,42,1,131.23,4198.64,0.03,Centro,Adultos 26-40
2023-05-15,SEO,2258.28,2822,79,3,555.73,752.76,0.25,Norte,Adultos 26-40
2023-05-15,Paid Search,4329.01,1731,84,4,781.76,1082.25,0.18,Norte,Mayores 55+
2023-05-15,Paid Search,3747.21,1498,69,2,524.9,1873.61,0.14,Sur,Jovenes 18-25
2023-05-15,Social,3070.2,2558,76,1,140.14,3070.2,0.05,Norte,Profesionales 41-55
2023-05-15,Social,2556.13,2130,64,1,167.22,2556.13,0.07,Norte,Jovenes 18-25
2023-05-15,Email,1448.67,4828,949,79,18230.37,18.34,12.58,Occidente,Mayores 55+
2023-05-15,Display,3821.48,4246,32,1,133.86,3821.48,0.04,Sur,Adultos 26-40
2023-05-22,SEO,2463.47,3079,120,3,436.34,821.16,0.18,Centro,Jovenes 18-25
2023-05-22,Paid Search,3663.49,1465,53,1,240.41,3663.49,0.07,Norte,Profesionales 41-55
2023-05-22,Paid Search,4318.48,1727,75,2,357.45,2159.24,0.08,Sur,Mayores 55+
2023-05-22,Social,2511.97,2093,49,1,131.4,2511.97,0.05,Centro,Profesionales 41-55
2023-05-22,Social,2629.82,2191,51,1,152.98,2629.82,0.06,Occidente,Adultos 26-40
2023-05-22,Email,1299.53,4331,624,30,6777.35,43.32,5.22,Occidente,Adultos 26-40
2023-05-22,Display,3516.38,3907,27,1,142.9,3516.38,0.04,Occidente,Jovenes 18-25
2023-05-29,SEO,2356.27,2945,98,4,766.38,589.07,0.33,Norte,Mayores 55+
2023-05-29,Paid Search,3802.95,1521,73,2,430.46,1901.48,0.11,Centro,Mayores 55+
2023-05-29,Paid Search,4155.97,1662,62,2,362.85,2077.99,0.09,Norte,Jovenes 18-25
2023-05-29,Social,2941.24,2451,77,1,165.39,2941.24,0.06,Sur,Jovenes 18-25
2023-05-29,Social,3086.27,2571,81,1,152.13,3086.27,0.05,Occidente,Adultos 26-40
2023-05-29,Email,1489.32,4964,743,59,12811.52,25.24,8.6,Sur,Jovenes 18-25
2023-05-29,Display,4539.11,5043,39,1,104.02,4539.11,0.02,Sur,Adultos 26-40
2023-06-05,SEO,2441.6,3052,103,5,876.74,488.32,0.36,Sur,Profesionales 41-55
2023-06-05,Paid Search,4370.17,1748,80,3,550.98,1456.72,0.13,Occidente,Profesionales 41-55
2023-06-05,Paid Search,5114.28,2045,86,4,708.35,1278.57,0.14,Occidente,Jovenes 18-25
2023-06-05,Social,3000.94,2500,60,1,165.5,3000.94,0.06,Norte,Jovenes 18-25
2023-06-05,Social,3137.92,2614,61,1,152.14,3137.92,0.05,Centro,Mayores 55+
2023-06-05,Email,1533.25,5110,976,66,13057.69,23.23,8.52,Sur,Profesionales 41-55
2023-06-05,Display,4271.93,4746,39,1,115.28,4271.93,0.03,Occidente,Profesionales 41-55
2023-06-12,SEO,2907.17,3633,104,4,653.35,726.79,0.22,Centro,Jovenes 18-25
2023-06-12,Paid Search,4395.28,1758,82,2,500.34,2197.64,0.11,Norte,Adultos 26-40
2023-06-12,Paid Search,4113.26,1645,82,3,746.02,1371.09,0.18,Centro,Mayores 55+
2023-06-12,Social,3177.0,2647,61,1,174.81,3177.0,0.06,Occidente,Mayores 55+
2023-06-12,Social,3319.77,2766,88,2,301.83,1659.89,0.09,Sur,Jovenes 18-25
2023-06-12,Email,1556.51,5188,936,47,10720.87,33.12,6.89,Norte,Adultos 26-40
2023-06-12,Display,3994.45,4438,40,1,107.98,3994.45,0.03,Occidente,Jovenes 18-25
2023-06-19,SEO,3094.88,3868,146,5,1016.46,618.98,0.33,Occidente,Jovenes 18-25
2023-06-19,Paid Search,4871.11,1948,73,2,430.51,2435.55,0.09,Occidente,Profesionales 41-55
2023-06-19,Paid Search,4404.13,1761,83,2,498.23,2202.06,0.11,Norte,Profesionales 41-55
2023-06-19,Social,2643.36,2202,50,1,166.79,2643.36,0.06,Sur,Adultos 26-40
2023-06-19,Social,3216.18,2680,80,1,144.57,3216.18,0.04,Norte,Jovenes 18-25
2023-06-19,Email,1637.18,5457,837,43,9634.97,38.07,5.89,Sur,Profesionales 41-55
2023-06-19,Display,4543.01,5047,47,1,130.05,4543.01,0.03,Centro,Mayores 55+
2023-06-26,SEO,3076.27,3845,153,6,958.27,512.71,0.31,Centro,Mayores 55+
2023-06-26,Paid Search,4737.1,1894,63,3,783.15,1579.03,0.17,Centro,Profesionales 41-55
2023-06-26,Paid Search,4340.69,1736,61,1,262.98,4340.69,0.06,Centro,Profesionales 41-55
2023-06-26,Social,2859.3,2382,72,1,137.93,2859.3,0.05,Sur,Adultos 26-40
2023-06-26,Social,3449.31,2874,90,2,312.0,1724.66,0.09,Centro,Adultos 26-40
2023-06-26,Email,1759.54,5865,1121,94,16990.89,18.72,9.66,Occidente,Mayores 55+
2023-06-26,Display,4252.52,4725,30,1,123.46,4252.52,0.03,Sur,Profesionales 41-55
2023-07-03,SEO,2936.9,3671,114,5,1002.56,587.38,0.34,Centro,Profesionales 41-55
2023-07-03,Paid Search,5098.75,2039,97,4,767.76,1274.69,0.15,Norte,Mayores 55+
2023-07-03,Paid Search,4104.33,1641,62,2,486.27,2052.17,0.12,Sur,Profesionales 41-55
2023-07-03,Social,3222.7,2685,66,1,172.29,3222.7,0.05,Occidente,Profesionales 41-55
2023-07-03,Social,2961.43,2467,71,1,127.07,2961.43,0.04,Norte,Jovenes 18-25
2023-07-03,Email,1636.25,5454,861,43,9221.6,38.05,5.64,Centro,Mayores 55+
2023-07-03,Display,3811.36,4234,38,1,105.61,3811.36,0.03,Occidente,Mayores 55+
2023-07-10,SEO,2455.66,3069,122,4,599.27,613.91,0.24,Centro,Adultos 26-40
2023-07-10,Paid Search,4361.39,1744,60,2,388.85,2180.7,0.09,Sur,Adultos 26-40
2023-07-10,Paid Search,4605.55,1842,85,2,460.15,2302.78,0.1,Occidente,Mayores 55+
2023-07-10,Social,3014.42,2512,69,1,152.03,3014.42,0.05,Centro,Jovenes 18-25
2023-07-10,Social,3442.21,2868,88,1,121.07,3442.21,0.04,Norte,Adultos 26-40
2023-07-10,Email,1514.5,5048,1045,60,10093.0,25.24,6.66,Centro,Adultos 26-40
2023-07-10,Display,3826.18,4251,27,1,117.88,3826.18,0.03,Centro,Mayores 55+
2023-07-17,SEO,3070.08,3837,160,6,1253.4,511.68,0.41,Centro,Adultos 26-40
2023-07-17,Paid Search,4155.53,1662,81,3,533.05,1385.18,0.13,Sur,Adultos 26-40
2023-07-17,Paid Search,4219.71,1687,57,2,373.68,2109.85,0.09,Norte,Mayores 55+
2023-07-17,Social,3427.93,2856,72,1,122.92,3427.93,0.04,Norte,Jovenes 18-25
2023-07-17,Social,3221.9,2684,60,1,145.01,3221.9,0.05,Occidente,Jovenes 18-25
2023-07-17,Email,1673.4,5578,993,51,10996.38,32.81,6.57,Norte,Profesionales 41-55
2023-07-17,Display,4295.55,4772,32,1,125.89,4295.55,0.03,Sur,Mayores 55+
2023-07-24,SEO,3022.79,3778,111,5,762.38,604.56,0.25,Norte,Jovenes 18-25
2023-07-24,Paid Search,4616.87,1846,80,3,747.52,1538.96,0.16,Sur,Profesionales 41-55
2023-07-24,Paid Search,4901.96,1960,75,2,439.36,2450.98,0.09,Sur,Mayores 55+
2023-07-24,Social,2923.48,2436,54,1,174.41,2923.48,0.06,Occidente,Adultos 26-40
2023-07-24,Social,3495.29,2912,90,1,163.41,3495.29,0.05,Centro,Adultos 26-40
2023-07-24,Email,1628.59,5428,1163,64,10496.41,25.45,6.45,Sur,Jovenes 18-25
2023-07-24,Display,4864.97,5405,40,1,116.45,4864.97,0.02,Norte,Jovenes 18-25
2023-07-31,SEO,3039.78,3799,153,4,615.86,759.94,0.2,Sur,Profesionales 41-55
2023-07-31,Paid Search,4422.53,1769,72,2,506.61,2211.27,0.11,Norte,Profesionales 41-55
2023-07-31,Paid Search,5056.54,2022,74,2,521.37,2528.27,0.1,Centro,Mayores 55+
2023-07-31,Social,3255.47,2712,75,1,173.17,3255.47,0.05,Sur,Jovenes 18-25
2023-07-31,Social,2740.44,2283,69,1,170.66,2740.44,0.06,Norte,Mayores 55+
2023-07-31,Email,1853.56,6178,1104,74,14433.92,25.05,7.79,Occidente,Profesionales 41-55
2023-07-31,Display,4546.99,5052,46,1,130.91,4546.99,0.03,Sur,Mayores 55+
2023-08-07,SEO,3096.83,3871,114,4,589.24,774.21,0.19,Centro,Profesionales 41-55
2023-08-07,Paid Search,3944.13,1577,75,2,482.88,1972.07,0.12,Sur,Profesionales 41-55
2023-08-07,Paid Search,4646.47,1858,83,3,642.27,1548.82,0.14,Sur,Mayores 55+
2023-08-07,Social,2937.47,2447,73,1,170.34,2937.47,0.06,Norte,Jovenes 18-25
2023-08-07,Social,3212.5,2677,64,1,171.11,3212.5,0.05,Sur,Jovenes 18-25
2023-08-07,Email,1774.46,5914,988,57,10388.4,31.13,5.85,Sur,Mayores 55+
2023-08-07,Display,4272.33,4747,33,1,134.46,4272.33,0.03,Occidente,Jovenes 18-25
2023-08-14,SEO,3044.19,3805,130,4,719.24,761.05,0.24,Norte,Jovenes 18-25
2023-08-14,Paid Search,4486.17,1794,61,2,497.36,2243.08,0.11,Centro,Adultos 26-40
2023-08-14,Paid Search,4834.27,1933,79,2,497.25,2417.14,0.1,Sur,Mayores 55+
2023-08-14,Social,2924.74,2437,75,1,163.0,2924.74,0.06,Centro,Mayores 55+
2023-08-14,Social,2723.36,2269,70,1,140.48,2723.36,0.05,Centro,Profesionales 41-55
2023-08-14,Email,1750.04,5833,859,44,7534.38,39.77,4.31,Occidente,Jovenes 18-25
2023-08-14,Display,4075.66,4528,31,1,136.91,4075.66,0.03,Sur,Mayores 55+
2023-08-21,SEO,3017.76,3772,115,4,794.06,754.44,0.26,Norte,Jovenes 18-25
2023-08-21,Paid Search,4997.19,1998,82,3,780.43,1665.73,0.16,Sur,Mayores 55+
2023-08-21,Paid Search,3933.01,1573,72,2,428.17,1966.51,0.11,Occidente,Adultos 26-40
2023-08-21,Social,3257.24,2714,66,1,126.21,3257.24,0.04,Centro,Mayores 55+
2023-08-21,Social,3004.85,2504,73,1,134.89,3004.85,0.04,Occidente,Profesionales 41-55
2023-08-21,Email,1882.89,6276,1108,56,10809.1,33.62,5.74,Centro,Profesionales 41-55
2023-08-21,Display,4679.67,5199,48,1,105.64,4679.67,0.02,Centro,Profesionales 41-55
2023-08-28,SEO,3097.48,3871,115,5,1071.06,619.5,0.35,Sur,Profesionales 41-55
2023-08-28,Paid Search,4911.55,1964,91,3,681.86,1637.18,0.14,Occidente,Profesionales 41-55
2023-08-28,Paid Search,5143.18,2057,83,2,370.74,2571.59,0.07,Occidente,Adultos 26-40
2023-08-28,Social,2667.03,2222,51,1,167.13,2667.03,0.06,Centro,Profesionales 41-55
2023-08-28,Social,2753.3,2294,52,1,132.24,2753.3,0.05,Norte,Profesionales 41-55
2023-08-28,Email,1805.44,6018,910,72,15779.48,25.08,8.74,Sur,Mayores 55+
2023-08-28,Display,4053.63,4504,40,1,109.81,4053.63,0.03,Norte,Mayores 55+
2023-09-04,SEO,2415.67,3019,124,7,1165.58,345.1,0.48,Norte,Jovenes 18-25
2023-09-04,Paid Search,4507.02,1802,66,3,755.16,1502.34,0.17,Occidente,Adultos 26-40
2023-09-04,Paid Search,4718.47,1887,85,3,727.35,1572.82,0.15,Sur,Adultos 26-40
2023-09-04,Social,2627.11,2189,53,1,131.22,2627.11,0.05,Sur,Jovenes 18-25
2023-09-04,Social,2696.85,2247,61,1,127.8,2696.85,0.05,Centro,Jovenes 18-25
2023-09-04,Email,1423.75,4745,925,47,8097.92,30.29,5.69,Centro,Jovenes 18-25
2023-09-04,Display,4328.39,4809,40,1,110.46,4328.39,0.03,Centro,Jovenes 18-25
2023-09-11,SEO,2713.02,3391,110,4,628.95,678.26,0.23,Norte,Adultos 26-40
2023-09-11,Paid Search,4094.07,1637,69,1,195.47,4094.07,0.05,Sur,Profesionales 41-55
2023-09-11,Paid Search,3987.14,1594,61,2,460.82,1993.57,0.12,Occidente,Jovenes 18-25
2023-09-11,Social,2476.37,2063,54,1,158.54,2476.37,0.06,Sur,Jovenes 18-25
2023-09-11,Social,2953.34,2461,63,1,176.7,2953.34,0.06,Occidente,Profesionales 41-55
2023-09-11,Email,1518.11,5060,831,67,15126.5,22.66,9.96,Centro,Mayores 55+
2023-09-11,Display,3984.17,4426,32,1,111.38,3984.17,0.03,Norte,Jovenes 18-25
2023-09-18,SEO,2250.55,2813,116,5,722.64,450.11,0.32,Norte,Adultos 26-40
2023-09-18,Paid Search,4414.62,1765,82,3,639.99,1471.54,0.14,Norte,Adultos 26-40
2023-09-18,Paid Search,4247.57,1699,77,3,732.65,1415.86,0.17,Norte,Adultos 26-40
2023-09-18,Social,2399.95,1999,60,1,124.39,2399.95,0.05,Sur,Profesionales 41-55
2023-09-18,Social,2848.79,2373,68,1,135.52,2848.79,0.05,Occidente,Mayores 55+
2023-09-18,Email,1558.6,5195,910,42,8982.28,37.11,5.76,Norte,Jovenes 18-25
2023-09-18,Display,4307.15,4785,39,1,99.48,4307.15,0.02,Norte,Profesionales 41-55
2023-09-25,SEO,2715.17,3393,109,3,597.3,905.06,0.22,Occidente,Mayores 55+
2023-09-25,Paid Search,4067.84,1627,72,2,445.89,2033.92,0.11,Sur,Mayores 55+
2023-09-25,Paid Search,4573.93,1829,87,2,463.59,2286.97,0.1,Centro,Profesionales 41-55
2023-09-25,Social,3184.21,2653,59,1,128.48,3184.21,0.04,Norte,Jovenes 18-25
2023-09-25,Social,2861.08,2384,63,1,125.11,2861.08,0.04,Sur,Profesionales 41-55
2023-09-25,Email,1370.28,4567,955,75,12854.73,18.27,9.38,Sur,Adultos 26-40
2023-09-25,Display,4140.26,4600,33,1,128.21,4140.26,0.03,Norte,Mayores 55+
2023-10-02,SEO,2608.51,3260,94,4,648.2,652.13,0.25,Sur,Mayores 55+
2023-10-02,Paid Search,4768.94,1907,75,3,589.92,1589.65,0.12,Centro,Jovenes 18-25
2023-10-02,Paid Search,4704.15,1881,73,2,460.48,2352.07,0.1,Centro,Adultos 26-40
2023-10-02,Social,2855.06,2379,63,1,145.7,2855.06,0.05,Norte,Profesionales 41-55
2023-10-02,Social,2586.79,2155,53,1,146.17,2586.79,0.06,Centro,Adultos 26-40
2023-10-02,Email,1580.81,5269,884,56,10955.2,28.23,6.93,Centro,Mayores 55+
2023-10-02,Display,4062.01,4513,31,1,136.41,4062.01,0.03,Sur,Adultos 26-40
2023-10-09,SEO,2322.43,2903,117,3,448.29,774.14,0.19,Norte,Jovenes 18-25
2023-10-09,Paid Search,4593.93,1837,79,3,584.17,1531.31,0.13,Norte,Profesionales 41-55
2023-10-09,Paid Search,4254.77,1701,85,3,732.65,1418.26,0.17,Centro,Mayores 55+
2023-10-09,Social,2567.58,2139,66,1,137.46,2567.58,0.05,Occidente,Jovenes 18-25
2023-10-09,Social,2713.3,2261,63,1,170.88,2713.3,0.06,Sur,Adultos 26-40
2023-10-09,Email,1475.8,4919,771,63,13403.44,23.43,9.08,Sur,Mayores 55+
2023-10-09,Display,4527.01,5030,32,1,107.12,4527.01,0.02,Centro,Profesionales 41-55
2023-10-16,SEO,2300.51,2875,107,4,803.94,575.13,0.35,Occidente,Mayores 55+
2023-10-16,Paid Search,4726.56,1890,91,2,466.14,2363.28,0.1,Norte,Profesionales 41-55
2023-10-16,Paid Search,4621.94,1848,70,2,382.6,2310.97,0.08,Occidente,Profesionales 41-55
2023-10-16,Social,2873.65,2394,77,1,135.1,2873.65,0.05,Sur,Mayores 55+
2023-10-16,Social,2676.43,2230,71,1,148.93,2676.43,0.06,Norte,Adultos 26-40
2023-10-16,Email,1472.95,4909,788,51,9305.7,28.88,6.32,Sur,Adultos 26-40
2023-10-16,Display,3588.83,3987,33,1,127.73,3588.83,0.04,Occidente,Profesionales 41-55
2023-10-23,SEO,2665.19,3331,115,5,795.85,533.04,0.3,Sur,Mayores 55+
2023-10-23,Paid Search,3598.28,1439,49,1,190.18,3598.28,0.05,Norte,Adultos 26-40
2023-10-23,Paid Search,3640.45,1456,55,1,260.32,3640.45,0.07,Norte,Profesionales 41-55
2023-10-23,Social,3175.69,2646,65,1,148.28,3175.69,0.05,Occidente,Adultos 26-40
2023-10-23,Social,2564.27,2136,57,1,154.96,2564.27,0.06,Sur,Profesionales 41-55
2023-10-23,Email,1350.47,4501,870,70,14540.59,19.29,10.77,Norte,Adultos 26-40
2023-10-23,Display,3853.85,4282,29,1,121.09,3853.85,0.03,Occidente,Adultos 26-40
2023-10-30,SEO,2579.13,3223,98,5,935.93,515.83,0.36,Norte,Jovenes 18-25
2023-10-30,Paid Search,4177.62,1671,59,2,497.64,2088.81,0.12,Occidente,Mayores 55+
2023-10-30,Paid Search,4036.68,1614,55,2,392.39,2018.34,0.1,Occidente,Mayores 55+
2023-10-30,Social,2674.43,2228,69,1,170.23,2674.43,0.06,Norte,Mayores 55+
2023-10-30,Social,2492.46,2077,57,1,171.54,2492.46,0.07,Centro,Mayores 55+
2023-10-30,Email,1391.01,4636,669,49,7867.89,28.39,5.66,Norte,Jovenes 18-25
2023-10-30,Display,3850.04,4277,30,1,115.62,3850.04,0.03,Norte,Adultos 26-40
2023-11-06,SEO,3300.15,4125,149,5,913.0,660.03,0.28,Centro,Profesionales 41-55
2023-11-06,Paid Search,6506.55,2602,104,3,673.76,2168.85,0.1,Occidente,Adultos 26-40
2023-11-06,Paid Search,5449.23,2179,93,3,608.96,1816.41,0.11,Centro,Mayores 55+
2023-11-06,Social,4047.38,3372,107,2,329.74,2023.69,0.08,Occidente,Adultos 26-40
2023-11-06,Social,3326.72,2772,77,1,168.05,3326.72,0.05,Norte,Adultos 26-40
2023-11-06,Email,1957.63,6525,1238,95,21456.74,20.61,10.96,Occidente,Mayores 55+
2023-11-06,Display,4732.79,5258,38,1,125.23,4732.79,0.03,Occidente,Mayores 55+
2023-11-13,SEO,3490.39,4362,153,7,1309.13,498.63,0.38,Sur,Mayores 55+
2023-11-13,Paid Search,5566.19,2226,82,3,740.23,1855.4,0.13,Centro,Adultos 26-40
2023-11-13,Paid Search,4876.67,1950,85,3,589.16,1625.56,0.12,Sur,Jovenes 18-25
2023-11-13,Social,3620.95,3017,89,2,250.42,1810.47,0.07,Centro,Mayores 55+
2023-11-13,Social,3613.45,3011,80,1,151.06,3613.45,0.04,Norte,Jovenes 18-25
2023-11-13,Email,2055.13,6850,1344,90,18597.11,22.83,9.05,Centro,Profesionales 41-55
2023-11-13,Display,4956.6,5507,52,1,115.39,4956.6,0.02,Norte,Profesionales 41-55
2023-11-20,SEO,3045.97,3807,133,6,1081.37,507.66,0.36,Centro,Jovenes 18-25
2023-11-20,Paid Search,6185.3,2474,122,5,1237.78,1237.06,0.2,Centro,Mayores 55+
2023-11-20,Paid Search,6462.76,2585,111,4,970.63,1615.69,0.15,Occidente,Mayores 55+
2023-11-20,Social,4229.66,3524,112,2,270.94,2114.83,0.06,Occidente,Adultos 26-40
2023-11-20,Social,3980.62,3317,82,1,177.33,3980.62,0.04,Norte,Profesionales 41-55
2023-11-20,Email,1872.07,6240,940,67,15120.96,27.94,8.08,Norte,Adultos 26-40
2023-11-20,Display,5362.02,5957,44,1,108.92,5362.02,0.02,Sur,Mayores 55+
2023-11-27,SEO,3615.08,4518,141,5,815.55,723.02,0.23,Sur,Adultos 26-40
2023-11-27,Paid Search,6239.73,2495,118,4,978.19,1559.93,0.16,Norte,Jovenes 18-25
2023-11-27,Paid Search,5969.06,2387,106,4,973.01,1492.26,0.16,Norte,Mayores 55+
2023-11-27,Social,3633.94,3028,78,2,345.72,1816.97,0.1,Centro,Mayores 55+
2023-11-27,Social,3420.38,2850,88,1,143.87,3420.38,0.04,Sur,Jovenes 18-25
2023-11-27,Email,2040.63,6802,1186,97,15772.69,21.04,7.73,Centro,Mayores 55+
2023-11-27,Display,5983.85,6648,59,1,101.78,5983.85,0.02,Occidente,Profesionales 41-55
2023-12-04,SEO,3566.58,4458,125,4,743.33,891.64,0.21,Centro,Profesionales 41-55
2023-12-04,Paid Search,5861.84,2344,88,3,590.6,1953.95,0.1,Occidente,Profesionales 41-55
2023-12-04,Paid Search,5441.94,2176,91,2,475.33,2720.97,0.09,Centro,Profesionales 41-55
2023-12-04,Social,4181.81,3484,88,1,127.87,4181.81,0.03,Sur,Jovenes 18-25
2023-12-04,Social,4030.4,3358,105,2,342.76,2015.2,0.09,Sur,Adultos 26-40
2023-12-04,Email,2207.27,7357,1450,92,14791.7,23.99,6.7,Occidente,Mayores 55+
2023-12-04,Display,4807.84,5342,49,1,121.63,4807.84,0.03,Centro,Mayores 55+
2023-12-11,SEO,3172.53,3965,142,6,1036.11,528.76,0.33,Sur,Jovenes 18-25
2023-12-11,Paid Search,5186.01,2074,78,3,553.42,1728.67,0.11,Centro,Profesionales 41-55
2023-12-11,Paid Search,5433.5,2173,93,4,794.72,1358.37,0.15,Norte,Mayores 55+
2023-12-11,Social,3350.48,2792,89,2,263.87,1675.24,0.08,Sur,Profesionales 41-55
2023-12-11,Social,3615.69,3013,90,1,164.19,3615.69,0.05,Norte,Mayores 55+
2023-12-11,Email,2094.05,6980,1238,102,23404.98,20.53,11.18,Centro,Mayores 55+
2023-12-11,Display,5612.66,6236,51,1,99.42,5612.66,0.02,Sur,Profesionales 41-55
2023-12-18,SEO,3099.82,3874,125,4,653.03,774.96,0.21,Occidente,Profesionales 41-55
2023-12-18,Paid Search,6329.46,2531,118,5,1209.07,1265.89,0.19,Occidente,Mayores 55+
2023-12-18,Paid Search,5104.11,2041,97,2,393.29,2552.05,0.08,Centro,Jovenes 18-25
2023-12-18,Social,3451.79,2876,77,1,176.21,3451.79,0.05,Occidente,Jovenes 18-25
2023-12-18,Social,3242.9,2702,72,1,125.0,3242.9,0.04,Centro,Adultos 26-40
2023-12-18,Email,1772.47,5908,1247,75,13376.14,23.63,7.55,Centro,Mayores 55+
2023-12-18,Display,5604.9,6227,42,1,97.37,5604.9,0.02,Centro,Profesionales 41-55
2023-12-25,SEO,3743.79,4679,161,8,1690.48,467.97,0.45,Occidente,Adultos 26-40
2023-12-25,Paid Search,6468.69,2587,117,3,685.76,2156.23,0.11,Occidente,Profesionales 41-55
2023-12-25,Paid Search,6365.58,2546,106,3,551.64,2121.86,0.09,Centro,Profesionales 41-55
2023-12-25,Social,3680.44,3067,74,1,151.4,3680.44,0.04,Sur,Profesionales 41-55
2023-12-25,Social,3538.19,2948,83,2,299.03,1769.09,0.08,Occidente,Profesionales 41-55
2023-12-25,Email,1726.8,5755,1007,57,10174.34,30.29,5.89,Norte,Profesionales 41-55
2023-12-25,Display,4895.48,5439,50,1,108.0,4895.48,0.02,Occidente,Mayores 55+
